id,type,parent_id,scaffold_id,topology__is_apical,arch_dev__pot_flowering_date,arch_dev__pot_nb_inflo,arch_dev__pot_nb_fruit,id_fruit,fruit_mass,growth__nb_leaf,growth__radius_gu,appearance__final_length_gu,environment_id,light_interception__sunlit_fraction_col
0,trunk,NA,NA,1,NaT,NA,NA,NA,,0,14.8,44,,NA
1,trunk,0,NA,1,NaT,NA,NA,NA,,0,14.8,35,,NA
2,scaffold,1,2,0,NaT,NA,NA,NA,,0,8.59,20,,NA
3,scaffold,2,3,0,NaT,NA,NA,NA,,0,3.82,12,,NA
4,GU,3,3,0,NaT,NA,NA,NA,,0,1.6525,17,,NA
5,GU,3,3,0,NaT,NA,NA,NA,,0,2.82,26,,NA
6,GU,5,3,0,NaT,NA,NA,NA,,0,1.6995,9,,NA
7,GU,5,3,0,NaT,NA,NA,NA,,0,2.4255,14,,NA
8,GU,7,3,1,NaT,NA,NA,NA,,0,2.4925,12,,NA
9,GU,3,3,0,NaT,NA,NA,NA,,0,0.919,11,,NA
10,branch,9,3,0,NaT,NA,NA,NA,,NA,0.2035,NA,,NA
11,branch,9,3,0,NaT,NA,NA,NA,,NA,0.4575,NA,,NA
12,GU,4,3,1,NaT,NA,NA,NA,,0,NA,11,,NA
13,GU,12,3,1,NaT,NA,NA,NA,,0,1.4425,20,,NA
14,GU,13,3,0,NaT,NA,NA,NA,,2,NA,10,E13_34A,3
15,GU,14,3,0,NaT,NA,NA,NA,,6,0.221,11,E13_34A,3
16,GU,14,3,0,NaT,NA,NA,NA,,6,0.196,10,E13_34A,3
17,GU,14,3,0,NaT,NA,NA,NA,,9,0.2835,14,E13_34A,3
18,GU,13,3,0,NaT,NA,NA,NA,,0,NA,11,,NA
19,GU,18,3,1,NaT,NA,NA,NA,,0,NA,4,,NA
20,GU,19,3,1,NaT,NA,NA,NA,,0,NA,8,,NA
21,GU,20,3,1,NaT,NA,NA,NA,,0,NA,21,,NA
22,GU,21,3,1,NaT,NA,NA,NA,,0,NA,10,,NA
23,GU,22,3,0,NaT,NA,NA,NA,,0,NA,14,,NA
24,GU,23,3,1,NaT,NA,NA,NA,,0,0.664,4,,NA
25,GU,24,3,0,NaT,NA,NA,NA,,5,0.1835,5,E13_34F,3
26,GU,23,3,0,NaT,NA,NA,NA,,0,0.583,7,,NA
27,GU,26,3,0,NaT,NA,NA,NA,,3,0.108,2,E13_34F,3
28,GU,26,3,0,NaT,NA,NA,NA,,0,NA,6,,NA
29,GU,28,3,1,NaT,NA,NA,NA,,5,0.2215,5,E13_34F,3
30,GU,23,3,0,NaT,NA,NA,NA,,1,NA,10,,NA
31,GU,30,3,1,NaT,NA,NA,NA,,7,0.246,7,E13_34F,3
32,GU,22,3,0,NaT,NA,NA,NA,,0,NA,14,,NA
33,GU,32,3,0,NaT,NA,NA,NA,,0,NA,8,,NA
34,GU,33,3,1,NaT,NA,NA,NA,,6,0.1955,6,E13_34C,3
35,GU,32,3,0,NaT,NA,NA,NA,,0,NA,5,,NA
36,GU,35,3,1,2020-09-12,1,1,34,573.76,4,0.188,4,E13_34C,3
37,GU,35,3,0,NaT,NA,NA,NA,,3,0.1375,3,,NA
38,GU,22,3,0,NaT,NA,NA,NA,,0,NA,13,,NA
39,GU,38,3,0,NaT,NA,NA,NA,,1,NA,6,E13_34D,3
40,GU,39,3,1,NaT,NA,NA,NA,,1,0.186,3,E13_34D,3
41,GU,38,3,0,NaT,NA,NA,NA,,2,NA,6,E13_34D,3
42,GU,41,3,1,NaT,NA,NA,NA,,7,0.219,5,E13_34D,3
43,GU,22,3,0,NaT,NA,NA,NA,,0,NA,13,,NA
44,GU,43,3,0,NaT,NA,NA,NA,,0,NA,5,,NA
45,GU,44,3,0,NaT,NA,NA,NA,,3,0.1825,5,E13_34E,3
46,GU,44,3,0,NaT,NA,NA,NA,,0,NA,3,,NA
47,GU,46,3,1,NaT,NA,NA,NA,,0,NA,4,,NA
48,GU,47,3,0,NaT,NA,NA,NA,,3,0.1475,3,E13_34E,3
49,GU,21,3,0,NaT,NA,NA,NA,,0,NA,9,,NA
50,GU,49,3,0,NaT,NA,NA,NA,,2,0.1645,7,E13_34B,3
51,GU,49,3,0,NaT,NA,NA,NA,,1,NA,5,E13_34B,3
52,GU,51,3,1,NaT,NA,NA,NA,,7,0.1965,7,E13_34B,3
53,GU,6,3,1,NaT,NA,NA,NA,,0,NA,14,,NA
54,GU,53,3,1,NaT,NA,NA,NA,,0,NA,10,,NA
55,GU,54,3,1,NaT,NA,NA,NA,,0,NA,14,,NA
56,GU,55,3,1,NaT,NA,NA,NA,,0,NA,20,,NA
57,GU,56,3,1,NaT,NA,NA,NA,,0,1.555,23,,NA
58,GU,57,3,0,NaT,NA,NA,NA,,6,0.1895,10,E13_36E,3
59,GU,57,3,0,NaT,NA,NA,NA,,11,0.333,17,E13_36E,3
60,GU,57,3,0,NaT,NA,NA,NA,,0,NA,13,,NA
61,GU,60,3,1,NaT,NA,NA,NA,,0,NA,22,,NA
62,GU,61,3,1,NaT,NA,NA,NA,,0,NA,6,,NA
63,GU,62,3,1,NaT,NA,NA,NA,,0,NA,7,,NA
64,GU,63,3,1,NaT,NA,NA,NA,,1,0.777,18,E13_36P,3
65,GU,64,3,0,NaT,NA,NA,NA,,4,NA,11,E13_36P,3
66,GU,65,3,1,NaT,NA,NA,NA,,15,0.4335,15,E13_36O,3
67,GU,64,3,0,NaT,NA,NA,NA,,6,0.2385,10,E13_36P,3
68,GU,63,3,0,NaT,NA,NA,NA,,0,NA,6,,NA
69,GU,68,3,1,NaT,NA,NA,NA,,5,NA,8,E13_36Q,3
70,GU,69,3,1,NaT,NA,NA,NA,,5,0.25,6,E13_36Q,3
71,GU,61,3,0,NaT,NA,NA,NA,,0,NA,7,,NA
72,GU,71,3,1,NaT,NA,NA,NA,,0,NA,5,,NA
73,GU,72,3,1,NaT,NA,NA,NA,,0,NA,5,,NA
74,GU,73,3,1,NaT,NA,NA,NA,,0,NA,5,,NA
75,GU,74,3,1,NaT,NA,NA,NA,,6,NA,13,E13_36R,3
76,GU,75,3,1,NaT,NA,NA,NA,,3,NA,7,E13_36R,3
77,GU,76,3,1,NaT,NA,NA,NA,,12,0.273,7,E13_36R,3
78,GU,60,3,0,NaT,NA,NA,NA,,0,NA,15,,NA
79,GU,78,3,0,NaT,NA,NA,NA,,0,NA,6,,NA
80,GU,79,3,1,NaT,NA,NA,NA,,3,NA,5,E13_36N,3
81,GU,80,3,1,NaT,NA,NA,NA,,7,NA,5,E13_36N,3
82,GU,81,3,1,NaT,NA,NA,NA,,3,0.151,3,E13_36N,3
83,GU,60,3,0,NaT,NA,NA,NA,,0,NA,9,,NA
84,GU,83,3,0,NaT,NA,NA,NA,,0,NA,1,,NA
85,GU,84,3,1,NaT,NA,NA,NA,,0,NA,1,,NA
86,GU,85,3,1,NaT,NA,NA,NA,,6,0.211,4,E13_36F,3
87,GU,60,3,0,NaT,NA,NA,NA,,0,NA,9,,NA
88,GU,87,3,1,NaT,NA,NA,NA,,0,NA,6,,NA
89,GU,88,3,1,NaT,NA,NA,NA,,2,NA,3,E13_36G,3
90,GU,89,3,1,NaT,NA,NA,NA,,5,0.145,4,E13_36G,3
91,GU,56,3,0,NaT,NA,NA,NA,,11,0.296,17,E13_36E,3
92,GU,60,3,0,NaT,NA,NA,NA,,0,NA,11,,NA
93,GU,92,3,1,NaT,NA,NA,NA,,0,NA,13,,NA
94,GU,93,3,0,NaT,NA,NA,NA,,0,NA,7,,NA
95,GU,94,3,1,NaT,NA,NA,NA,,10,NA,14,E13_36L,3
96,GU,95,3,1,NaT,NA,NA,NA,,13,NA,15,E13_36L,3
97,GU,96,3,1,NaT,NA,NA,NA,,18,0.4555,16,E13_36M,3
98,GU,96,3,0,2020-09-12,1,1,36,397.77,9,0.3075,12,E13_36M,3
99,GU,96,3,0,NaT,NA,NA,NA,,3,0.1625,5,E13_36M,3
100,GU,93,3,0,NaT,NA,NA,NA,,1,0.1785,5,E13_36K,3
101,GU,93,3,0,NaT,NA,NA,NA,,0,NA,4,,NA
102,GU,101,3,1,NaT,NA,NA,NA,,4,NA,7,E13_36J,3
103,GU,102,3,1,NaT,NA,NA,NA,,9,NA,8,E13_36J,3
104,GU,103,3,1,NaT,NA,NA,NA,,4,0.1985,3,E13_36J,3
105,GU,93,3,0,NaT,NA,NA,NA,,4,NA,14,,3
106,GU,105,3,1,NaT,NA,NA,NA,,13,NA,14,E13_37I,3
107,GU,106,3,1,NaT,NA,NA,NA,,10,0.19,6,E13_37I,3
108,GU,92,3,0,NaT,NA,NA,NA,,0,NA,15,,NA
109,GU,108,3,0,NaT,NA,NA,NA,,4,0.146,5,E13_36H,3
110,GU,108,3,0,NaT,NA,NA,NA,,5,0.221,9,E13_36H,3
111,GU,54,3,0,NaT,NA,NA,NA,,0,0.3815,12,,NA
112,GU,111,3,0,NaT,NA,NA,NA,,0,NA,14,,NA
113,GU,112,3,1,NaT,NA,NA,NA,,0,NA,10,,NA
114,GU,113,3,0,NaT,NA,NA,NA,,0,NA,9,,NA
115,GU,114,3,0,NaT,NA,NA,NA,,2,NA,5,E13_36B,3
116,GU,115,3,1,NaT,NA,NA,NA,,0,NA,4,E13_36B,3
117,GU,116,3,1,NaT,NA,NA,NA,,9,NA,5,E13_36B,3
118,GU,117,3,1,NaT,NA,NA,NA,,9,NA,6,E13_36B,3
119,GU,118,3,1,NaT,NA,NA,NA,,3,0.1805,5,E13_36B,3
120,GU,111,3,0,NaT,NA,NA,NA,,5,0.1885,9,E13_36A,3
121,GU,111,3,0,NaT,NA,NA,NA,,0,NA,11,,NA
122,GU,121,3,1,NaT,NA,NA,NA,,0,NA,7,,NA
123,GU,122,3,0,NaT,NA,NA,NA,,0,NA,6,,NA
124,GU,123,3,0,NaT,NA,NA,NA,,2,NA,8,E13_36C,3
125,GU,124,3,1,NaT,NA,NA,NA,,9,0.2235,5,E13_36C,3
126,GU,122,3,0,NaT,NA,NA,NA,,0,NA,7,,NA
127,GU,126,3,0,NaT,NA,NA,NA,,2,NA,5,E13_36D,3
128,GU,127,3,1,NaT,NA,NA,NA,,2,NA,5,E13_36D,3
129,GU,128,3,1,NaT,NA,NA,NA,,7,NA,4,E13_36D,3
130,GU,8,3,1,NaT,NA,NA,NA,,0,NA,27,,NA
131,GU,130,3,1,NaT,NA,NA,NA,,0,NA,17,,NA
132,GU,131,3,1,NaT,NA,NA,NA,,0,NA,14,,NA
133,GU,132,3,1,NaT,NA,NA,NA,,0,NA,20,,NA
134,branch,133,3,1,2020-09-12,4,4,2b.2c.2d.2e.2f,390.75,NA,1.5125,NA,E13_01I,3
135,GU,133,3,0,NaT,NA,NA,NA,,0,0.8905,17,,NA
136,GU,132,3,0,NaT,NA,NA,NA,,0,1.005,12,,NA
137,GU,131,3,0,NaT,NA,NA,NA,,0,0.911,8,,NA
138,branch,131,3,0,NaT,NA,NA,NA,,NA,1.282,NA,E13_01H,3
139,branch,131,3,0,NaT,NA,NA,NA,,NA,1.125,NA,E13_01G,3
140,branch,130,3,0,NaT,NA,NA,NA,,NA,0.657,NA,E13_01E,3
141,GU,137,3,1,NaT,NA,NA,NA,,0,NA,3,,NA
142,GU,141,3,1,NaT,NA,NA,NA,,0,NA,18,,NA
143,GU,142,3,0,NaT,NA,NA,NA,,0,NA,11,,NA
144,GU,143,3,1,NaT,NA,NA,NA,,4,NA,4,E13_01F,3
145,GU,142,3,0,NaT,NA,NA,NA,,0,NA,10,,NA
146,GU,145,3,1,NaT,NA,NA,NA,,10,NA,16,E13_01F,3
147,GU,136,3,1,NaT,NA,NA,NA,,0,NA,17,,NA
148,GU,147,3,1,NaT,NA,NA,NA,,0,NA,17,,NA
149,GU,148,3,1,NaT,NA,NA,NA,,0,NA,12,,NA
150,GU,149,3,0,NaT,NA,NA,NA,,3,0.1555,9,E13_01D,3
151,GU,149,3,0,NaT,NA,NA,NA,,0,NA,9,,NA
152,GU,151,3,1,NaT,NA,NA,NA,,0,NA,5,,NA
153,GU,152,3,1,NaT,NA,NA,NA,,3,NA,15,E13_01A,3
154,GU,153,3,1,NaT,NA,NA,NA,,12,NA,17,E13_01A,3
155,GU,154,3,1,2020-09-12,1,1,1,484.21,3,0.3885,18,E13_01A,3
156,GU,154,3,0,NaT,NA,NA,NA,,3,0.2785,14,E13_01A,3
157,GU,154,3,0,NaT,NA,NA,NA,,3,0.306,17,E13_01A,3
158,GU,153,3,0,NaT,NA,NA,NA,,6,0.237,9,E13_01B,3
159,GU,158,3,1,NaT,NA,NA,NA,,6,NA,11,E13_01B,3
160,GU,153,3,0,NaT,NA,NA,NA,,2,0.1785,9,E13_01B,3
161,GU,152,3,0,NaT,NA,NA,NA,,0,NA,7,,NA
162,GU,161,3,1,NaT,NA,NA,NA,,7,0.192,8,E13_01B,3
163,GU,152,3,0,NaT,NA,NA,NA,,0,NA,8,,NA
164,GU,163,3,1,NaT,NA,NA,NA,,4,0.181,8,E13_01C,3
165,GU,152,3,0,NaT,NA,NA,NA,,0,NA,8,,NA
166,GU,165,3,1,NaT,NA,NA,NA,,7,NA,11,E13_01C,3
167,GU,166,3,1,NaT,NA,NA,NA,,9,0.244,11,E13_01C,3
168,GU,148,3,0,NaT,NA,NA,NA,,0,NA,11,,NA
169,GU,168,3,0,NaT,NA,NA,NA,,4,0.1275,5,E13_01D,3
170,GU,168,3,0,NaT,NA,NA,NA,,2,0.193,4,E13_01D,3
171,GU,135,3,0,NaT,NA,NA,NA,,0,NA,11,,NA
172,GU,171,3,0,NaT,NA,NA,NA,,0,NA,5,,NA
173,GU,172,3,1,NaT,NA,NA,NA,,0,NA,3,,NA
174,GU,173,3,1,NaT,NA,NA,NA,,4,NA,8,E13_02F,3
175,GU,174,3,1,NaT,NA,NA,NA,,4,0.2025,7,E13_02F,3
176,GU,135,3,0,NaT,NA,NA,NA,,0,NA,11,,NA
177,GU,176,3,0,NaT,NA,NA,NA,,0,NA,3,,NA
178,GU,177,3,1,NaT,NA,NA,NA,,0,NA,8,,NA
179,GU,178,3,1,NaT,NA,NA,NA,,0,NA,6,,NA
180,GU,179,3,1,NaT,NA,NA,NA,,6,NA,14,E13_02E,3
181,GU,180,3,1,NaT,NA,NA,NA,,12,NA,14,E13_02E,3
182,GU,181,3,1,NaT,NA,NA,NA,,9,NA,13,E13_02D,3
183,GU,135,3,0,NaT,NA,NA,NA,,0,NA,15,,NA
184,GU,183,3,0,NaT,NA,NA,NA,,0,NA,3,,NA
185,GU,184,3,1,NaT,NA,NA,NA,,0,NA,7,,NA
186,GU,185,3,1,NaT,NA,NA,NA,,0,NA,7,,NA
187,GU,186,3,1,NaT,NA,NA,NA,,3,NA,14,E13_02C,3
188,GU,187,3,1,NaT,NA,NA,NA,,8,NA,15,E13_02C,3
189,GU,188,3,0,NaT,NA,NA,NA,,4,0.2245,15,E13_02B,3
190,GU,188,3,0,NaT,NA,NA,NA,,1,0.201,8,E13_02B,3
191,GU,188,3,0,NaT,NA,NA,NA,,3,0.2235,8,E13_02B,3
192,GU,188,3,0,NaT,NA,NA,NA,,3,0.203,12,E13_02B,3
193,GU,188,3,0,2020-09-12,1,1,2a,479,4,0.1835,7,E13_02B,3
194,GU,183,3,0,NaT,NA,NA,NA,,0,NA,6,,NA
195,GU,194,3,1,NaT,NA,NA,NA,,0,NA,8,,NA
196,GU,195,3,1,NaT,NA,NA,NA,,0,NA,6,,NA
197,GU,196,3,1,NaT,NA,NA,NA,,3,NA,15,E13_02A,3
198,GU,197,3,1,NaT,NA,NA,NA,,16,NA,17,E13_02A,3
199,GU,198,3,0,NaT,NA,NA,NA,,5,0.2455,14,E13_02A,3
200,GU,198,3,0,NaT,NA,NA,NA,,3,0.227,13,E13_02A,3
201,GU,198,3,0,NaT,NA,NA,NA,,2,0.2665,15,E13_02A,3
202,GU,198,3,0,NaT,NA,NA,NA,,2,0.2465,10,E13_02A,3
203,GU,198,3,0,2020-09-12,1,1,2,464.97,1,0.2355,10,E13_02A,3
204,scaffold,2,204,1,NAT,NA,NA,NA,,0,7.16,57,,NA
205,scaffold,204,204,1,NaT,NA,NA,NA,,0,5.73,50,,NA
206,branch_empty,205,204,1,NaT,NA,NA,NA,,0,5,NA,,3
207,multiple_GU,205,204,0,NaT,NA,NA,NA,,0,2.6885,82,,3
208,branch_empty,207,204,0,NaT,NA,NA,NA,,0,1.45,NA,,3
209,GU,207,204,0,NaT,NA,NA,NA,,0,2.1975,5,,3
210,GU,209,204,1,NaT,NA,NA,NA,,0,NA,12,,3
211,GU,210,204,1,NaT,NA,NA,NA,,0,NA,19,,3
212,GU,211,204,0,NaT,NA,NA,NA,,0,1.8,71,,3
213,GU,211,204,0,NaT,NA,NA,NA,,0,1.1235,15,,3
214,branch,211,204,0,NaT,NA,NA,NA,,NA,0.4675,NA,,3
215,GU,212,204,1,NaT,NA,NA,NA,,0,1.8355,6,,3
216,GU,215,204,1,NaT,NA,NA,NA,,0,NA,20,,3
217,GU,216,204,1,NaT,NA,NA,NA,,0,NA,15,,3
218,GU,217,204,1,NaT,NA,NA,NA,,0,NA,11,,3
219,GU,218,204,1,NaT,NA,NA,NA,,0,1.307,14,,3
220,GU,219,204,0,NaT,NA,NA,NA,,0,NA,9,,3
221,GU,220,204,1,NaT,NA,NA,NA,,10,NA,16,,3
222,GU,221,204,0,NaT,NA,NA,NA,,19,0.37,13,E13_37W,3
223,GU,221,204,1,2020-09-12,1,1,37h,393,3,0.277,6,E13_37W,3
224,GU,219,204,0,NaT,NA,NA,NA,,0,NA,20,E13_37T,3
225,GU,224,204,1,NaT,NA,NA,NA,,13,NA,17,E13_37T,3
226,GU,225,204,1,2020-09-12,1,1,37k,399,19,0.395,15,E13_37T,3
227,GU,225,204,0,NaT,NA,NA,NA,,5,0.147,6,E13_37T,3
228,GU,224,204,0,NaT,NA,NA,NA,,4,NA,11,E13_37T,3
229,GU,228,204,1,NaT,NA,NA,NA,,66,0.1985,6,E13_37T,3
230,GU,224,204,0,NaT,NA,NA,NA,,4,NA,9,E13_37T,3
231,GU,230,204,1,NaT,NA,NA,NA,,8,0.217,6,E13_37T,3
232,GU,219,204,0,NaT,NA,NA,NA,,0,NA,15,,3
233,GU,232,204,1,NaT,NA,NA,NA,,9,NA,11,E13_37X,3
234,GU,233,204,1,NaT,NA,NA,NA,,4,0.215,5,E13_37X,3
235,GU,219,204,0,NaT,NA,NA,NA,,0,NA,19,,3
236,GU,235,204,1,NaT,NA,NA,NA,,12,NA,16,E13_37V,3
237,GU,236,204,1,2020-09-12,1,1,37g,450,16,0.391,15,E13_37U,3
238,GU,236,204,0,NaT,NA,NA,NA,,2,0.391,15,E13_37U,3
239,GU,219,204,0,NaT,NA,NA,NA,,0,NA,19,,3
240,GU,239,204,1,NaT,NA,NA,NA,,7,NA,19,E13_37S,3
241,GU,240,204,0,NaT,NA,NA,NA,,13,0.406,16,E13_37S,3
242,GU,240,204,0,2020-09-12,2,2,37d.37c,416.5,9,0.3175,10,E13_37S,3
243,GU,240,204,0,2020-09-12,2,2,37f.37e,436,14,0.377,13,E13_37S,3
244,GU,239,204,0,NaT,NA,NA,NA,,2,NA,13,E13_37S,3
245,GU,244,204,1,NaT,NA,NA,NA,,11,0.728,6,E13_37S,3
246,GU,239,204,0,NaT,NA,NA,NA,,4,NA,7,E13_37S,3
247,GU,246,204,1,NaT,NA,NA,NA,,18,0.36,18,E13_37S,3
248,GU,246,204,0,NaT,NA,NA,NA,,7,0.179,11,E13_37S,3
249,GU,246,204,0,NaT,NA,NA,NA,,7,0.2255,12,E13_37S,3
250,GU,217,204,0,NaT,NA,NA,NA,,0,NA,7,,3
251,GU,250,204,1,NaT,NA,NA,NA,,0,NA,6,,3
252,GU,251,204,1,NaT,NA,NA,NA,,0,NA,14,,3
253,GU,252,204,1,2020-09-12,1,1,37j,365,11,0.279,10,E13_37N,3
254,GU,217,204,0,NaT,NA,NA,NA,,0,NA,6,,3
255,GU,254,204,1,NaT,NA,NA,NA,,0,NA,12,,3
256,GU,255,204,0,NaT,NA,NA,NA,,0,0.73,19,,3
257,GU,256,204,0,NaT,NA,NA,NA,,2,NA,13,E13_37R,3
258,GU,257,204,1,2020-09-12,1,1,37b,139,20,0.3415,16,E13_37R,3
259,GU,256,204,0,NaT,NA,NA,NA,,5,NA,12,E13_37Q,3
260,GU,259,204,1,NaT,NA,NA,NA,,11,0.322,11,E13_37Q,3
261,GU,255,204,0,NaT,NA,NA,NA,,0,NA,17,,3
262,GU,261,204,1,NaT,NA,NA,NA,,12,NA,13,E13_37P,3
263,GU,262,204,1,NaT,NA,NA,NA,,15,0.4155,18,E13_37O,3
264,GU,262,204,0,2020-09-12,1,1,37,429.26,11,0.293,12,E13_37O,3
265,GU,262,204,0,2020-09-12,1,1,37a,378,6,0.205,10,E13_37O,3
266,GU,262,204,0,NaT,NA,NA,NA,,12,0.2755,15,E13_37O,3
267,GU,216,204,0,NaT,NA,NA,NA,,0,NA,13,,3
268,GU,267,204,1,NaT,NA,NA,NA,,0,NA,13,,3
269,GU,268,204,1,NaT,NA,NA,NA,,0,NA,8,,3
270,GU,269,204,1,NaT,NA,NA,NA,,1,NA,15,E13_37M,3
271,GU,270,204,1,NaT,NA,NA,NA,,5,NA,6,E13_37M,3
272,GU,271,204,1,NaT,NA,NA,NA,,8,0.211,6,E13_37M,3
273,GU,216,204,0,NaT,NA,NA,NA,,0,NA,13,,3
274,GU,273,204,1,NaT,NA,NA,NA,,0,NA,4,,3
275,GU,274,204,1,NaT,NA,NA,NA,,0,NA,6,,3
276,GU,275,204,1,NaT,NA,NA,NA,,4,NA,13,E13_37L,3
277,GU,276,204,1,NaT,NA,NA,NA,,12,0.2485,8,E13_37L,3
278,GU,215,204,0,NaT,NA,NA,NA,,0,NA,16,,3
279,GU,278,204,1,NaT,NA,NA,NA,,0,NA,17,,3
280,GU,279,204,0,NaT,NA,NA,NA,,0,NA,9,,3
281,GU,280,204,1,NaT,NA,NA,NA,,0,NA,4,,3
282,GU,281,204,1,NaT,NA,NA,NA,,1,NA,9,E13_37A,3
283,GU,282,204,0,2020-09-12,1,1,37l,396,6,0.2475,6,E13_37A,3
284,GU,279,204,0,NaT,NA,NA,NA,,0,NA,12,,3
285,GU,284,204,1,NaT,NA,NA,NA,,0,NA,10,,3
286,GU,285,204,1,NaT,NA,NA,NA,,0,NA,18,,3
287,GU,286,204,1,NaT,NA,NA,NA,,15,NA,16,E13_37E,3
288,GU,287,204,1,2020-09-12,1,1,37m,390,20,0.439,18,E13_37C,3
289,GU,287,204,0,NaT,NA,NA,NA,,11,0.265,15,E13_37D,3
290,GU,287,204,0,NaT,NA,NA,NA,,8,0.2015,13,E13_37D,3
291,GU,287,204,0,NaT,NA,NA,NA,,7,0.2,11,E13_37D,3
292,GU,279,204,0,NaT,NA,NA,NA,,0,NA,13,,3
293,GU,292,204,1,NaT,NA,NA,NA,,3,NA,11,E13_37B,3
294,GU,293,204,1,NaT,NA,NA,NA,,3,NA,4,E13_37B,3
295,GU,294,204,1,NaT,NA,NA,NA,,9,0.208,5,E13_37B,3
296,GU,215,204,0,NaT,NA,NA,NA,,0,NA,15,,3
297,GU,296,204,1,NaT,NA,NA,NA,,0,NA,19,,3
298,GU,297,204,1,NaT,NA,NA,NA,,0,NA,4,,3
299,GU,298,204,1,NaT,NA,NA,NA,,0,NA,5,,3
300,GU,299,204,1,NaT,NA,NA,NA,,1,NA,16,E13_37K,3
301,GU,300,204,1,NaT,NA,NA,NA,,13,NA,18,E13_37K,3
302,GU,301,204,1,NaT,NA,NA,NA,,18,0.4045,21,E13_37J,3
303,GU,301,204,0,NaT,NA,NA,NA,,11,0.258,17,E13_37J,3
304,GU,301,204,0,NaT,NA,NA,NA,,5,0.1575,9,E13_37J,3
305,GU,301,204,0,NaT,NA,NA,NA,,7,0.1725,11,E13_37J,3
306,GU,301,204,0,NaT,NA,NA,NA,,14,0.317,19,E13_37J,3
307,GU,301,204,0,NaT,NA,NA,NA,,6,0.1835,11,E13_36I,3
308,GU,300,204,0,NaT,NA,NA,NA,,5,NA,12,E13_36I,3
309,GU,308,204,1,NaT,NA,NA,NA,,11,0.24,10,E13_36I,3
310,GU,300,204,0,NaT,NA,NA,NA,,15,NA,12,E13_37H,3
311,GU,310,204,1,NaT,NA,NA,NA,,2,0.302,15,E13_37H,3
312,GU,300,204,0,2020-09-12,1,1,37i,419,2,0.2365,7,E13_37G,3
313,GU,296,204,0,NaT,NA,NA,NA,,0,NA,9,,3
314,GU,313,204,0,NaT,NA,NA,NA,,3,0.1345,4,E13_37F,3
315,GU,213,204,0,NaT,NA,NA,NA,,0,NA,5,,3
316,GU,315,204,1,NaT,NA,NA,NA,,0,NA,5,,3
317,GU,316,204,1,NaT,NA,NA,NA,,0,NA,14,,3
318,GU,317,204,1,NaT,NA,NA,NA,,0,NA,5,,3
319,GU,318,204,0,NaT,NA,NA,NA,,0,NA,5,,3
320,GU,319,204,1,NaT,NA,NA,NA,,0,NA,15,,3
321,GU,320,204,1,NaT,NA,NA,NA,,12,NA,17,E13_04B,3
322,GU,321,204,1,2020-09-12,1,1,4c,398,19,0.392,18,E13_04B,3
323,GU,321,204,0,NaT,NA,NA,NA,,5,0.1645,10,E13_04B,3
324,GU,321,204,0,NaT,NA,NA,NA,,8,0.2665,14,E13_04B,3
325,GU,321,204,0,NaT,NA,NA,NA,,6,0.19,11,E13_04B,3
326,GU,320,204,0,NaT,NA,NA,NA,,3,NA,11,E13_04B,3
327,GU,326,204,1,NaT,NA,NA,NA,,12,0.266,9,E13_04B,3
328,GU,318,204,0,NaT,NA,NA,NA,,0,NA,11,E13_04A,3
329,GU,328,204,1,NaT,NA,NA,NA,,3,0.122,4,E13_04A,3
330,GU,318,204,0,NaT,NA,NA,NA,,0,NA,6,,3
331,GU,330,204,1,NaT,NA,NA,NA,,0,NA,13,,3
332,GU,331,204,1,NaT,NA,NA,NA,,12,NA,15,E13_04A,3
333,GU,332,204,1,2020-09-12,3,3,4a.4b.4,412.94,19,0.4625,18,E13_04A,3
334,GU,332,204,0,NaT,NA,NA,NA,,3,0.1605,7,E13_04A,3
335,GU,332,204,0,NaT,NA,NA,NA,,8,0.315,13,E13_04A,3
336,GU,332,204,0,NaT,NA,NA,NA,,6,0.209,10,E13_04A,3
337,GU,317,204,0,NaT,NA,NA,NA,,0,NA,7,,3
338,GU,337,204,1,NaT,NA,NA,NA,,0,NA,4,,3
339,GU,338,204,1,NaT,NA,NA,NA,,2,0.2245,8,E13_04C,3
340,GU,213,204,0,NaT,NA,NA,NA,,0,NA,16,,3
341,GU,340,204,0,NaT,NA,NA,NA,,0,NA,10,,3
342,GU,341,204,0,NaT,NA,NA,NA,,0,NA,4,,3
343,GU,342,204,1,NaT,NA,NA,NA,,3,0.217,6,E13_04C,3
344,GU,340,204,0,NaT,NA,NA,NA,,0,NA,8,,3
345,GU,344,204,0,NaT,NA,NA,NA,,2,0.1695,6,E13_04C,3
346,GU,340,204,0,NaT,NA,NA,NA,,0,NA,12,,3
347,GU,346,204,1,NaT,NA,NA,NA,,0,NA,10,,3
348,GU,347,204,1,NaT,NA,NA,NA,,0,NA,12,,3
349,GU,348,204,1,NaT,NA,NA,NA,,0,NA,18,,3
350,GU,349,204,1,NaT,NA,NA,NA,,7,NA,15,E13_04G,3
351,GU,350,204,1,2020-09-12,1,1,4d,309,21,0.4285,16,E13_04G,3
352,GU,350,204,0,NaT,NA,NA,NA,,5,0.1415,8,E13_04G,3
353,GU,348,204,0,NaT,NA,NA,NA,,0,NA,14,,3
354,GU,353,204,1,NaT,NA,NA,NA,,15,NA,14,E13_04F,3
355,GU,354,204,1,NaT,NA,NA,NA,,8,0.1845,5,E13_04F,3
356,GU,348,204,0,NaT,NA,NA,NA,,3,0.2125,12,E13_04F,3
357,GU,346,204,0,NaT,NA,NA,NA,,0,NA,9,,3
358,GU,357,204,1,NaT,NA,NA,NA,,0,NA,12,,3
359,GU,358,204,1,NaT,NA,NA,NA,,3,0.256,12,E13_04D,3
360,GU,358,204,0,NaT,NA,NA,NA,,3,0.2115,11,E13_04D,3
361,GU,358,204,0,NaT,NA,NA,NA,,2,0.1315,7,E13_04D,3
362,GU,358,204,0,NaT,NA,NA,NA,,5,0.256,13,E13_04D,3
363,GU,358,204,0,NaT,NA,NA,NA,,0,NA,15,,3
364,GU,363,204,1,NaT,NA,NA,NA,,11,NA,9,E13_04E,3
365,GU,364,204,1,NaT,NA,NA,NA,,10,0.236,7,E13_04E,3
366,scaffold,204,204,0,NaT,NA,NA,NA,,0,5.25,74,,3
367,branch_empty,366,204,0,NaT,NA,NA,NA,,0,4,NA,,3
368,multiple_GU,366,204,0,NaT,NA,NA,NA,,0,3.759,30,,3
369,branch_empty,368,204,0,NaT,NA,NA,NA,,0,NA,NA,,3
370,multiple_GU,368,204,0,NaT,NA,NA,NA,,0,2.9985,40,,3
371,branch_empty,370,204,1,NaT,NA,NA,NA,,0,2.55,NA,,3
372,GU,371,204,0,NaT,NA,NA,NA,,0,1.723,14,,3
373,GU,372,204,0,NaT,NA,NA,NA,,0,1.0175,10,,3
374,GU,373,204,1,NaT,NA,NA,NA,,0,NA,7,,3
375,GU,374,204,1,NaT,NA,NA,NA,,0,NA,5,,3
376,GU,375,204,1,NaT,NA,NA,NA,,0,NA,18,,3
377,GU,376,204,1,NaT,NA,NA,NA,,0,NA,18,,3
378,GU,377,204,0,NaT,NA,NA,NA,,0,NA,10,,3
379,GU,378,204,0,NaT,NA,NA,NA,,0,NA,9,,3
380,GU,379,204,0,NaT,NA,NA,NA,,3,0.1575,4,E13_06C,3
381,GU,379,204,0,NaT,NA,NA,NA,,4,0.149,11,E13_06C,3
382,GU,377,204,0,NaT,NA,NA,NA,,0,NA,9,,3
383,GU,382,204,1,NaT,NA,NA,NA,,0,NA,5,,3
384,GU,383,204,0,NaT,NA,NA,NA,,2,0.192,5,E13_06D,3
385,GU,383,204,0,NaT,NA,NA,NA,,3,0.151,4,E13_06D,3
386,GU,377,204,0,NaT,NA,NA,NA,,0,NA,11,,3
387,GU,386,204,0,NaT,NA,NA,NA,,0,NA,11,,3
388,GU,387,204,0,NaT,NA,NA,NA,,0,NA,4,,3
389,GU,388,204,1,NaT,NA,NA,NA,,3,0.2335,8,E13_06E,3
390,GU,388,204,0,NaT,NA,NA,NA,,0,NA,6,,3
391,GU,390,204,1,NaT,NA,NA,NA,,2,NA,10,E13_06E,3
392,GU,391,204,1,NaT,NA,NA,NA,,4,NA,8,E13_06E,3
393,GU,392,204,1,NaT,NA,NA,NA,,3,0.2375,7,E13_06E,3
394,GU,377,204,0,NaT,NA,NA,NA,,0,NA,8,,3
395,GU,394,204,1,NaT,NA,NA,NA,,0,NA,4,,3
396,GU,395,204,1,NaT,NA,NA,NA,,0,NA,5,,3
397,GU,396,204,1,NaT,NA,NA,NA,,7,NA,5,E13_06C,3
398,GU,397,204,1,NaT,NA,NA,NA,,3,0.173,3,E13_06C,3
399,GU,376,204,0,NaT,NA,NA,NA,,0,NA,8,,3
400,GU,399,204,1,NaT,NA,NA,NA,,4,NA,5,E13_06B,3
401,GU,400,204,1,NaT,NA,NA,NA,,4,0.136,4,E13_06B,3
402,GU,375,204,0,NaT,NA,NA,NA,,6,0.2055,10,E13_06B,3
403,GU,373,204,0,NaT,NA,NA,NA,,0,NA,4,,3
404,GU,403,204,1,NaT,NA,NA,NA,,0,NA,5,,3
405,GU,404,204,1,NaT,NA,NA,NA,,0,NA,10,,3
406,GU,405,204,0,NaT,NA,NA,NA,,0,NA,4,,3
407,GU,406,204,1,NaT,NA,NA,NA,,0,NA,4,,3
408,GU,407,204,1,NaT,NA,NA,NA,,0,NA,3,,3
409,GU,408,204,1,NaT,NA,NA,NA,,7,0.187,4,E13_06A,3
410,GU,372,204,0,NaT,NA,NA,NA,,0,1.4405,6,,3
411,GU,410,204,1,NaT,NA,NA,NA,,0,NA,8,,3
412,GU,411,204,1,NaT,NA,NA,NA,,0,NA,9,,3
413,GU,412,204,1,NaT,NA,NA,NA,,0,NA,19,,3
414,GU,413,204,1,NaT,NA,NA,NA,,0,NA,16,,3
415,GU,414,204,1,NaT,NA,NA,NA,,0,NA,13,,3
416,GU,415,204,0,NaT,NA,NA,NA,,0,NA,8,,3
417,GU,416,204,1,NaT,NA,NA,NA,,0,NA,5,,3
418,GU,417,204,1,NaT,NA,NA,NA,,1,NA,10,E13_06H,3
419,GU,418,204,1,NaT,NA,NA,NA,,10,0.195,6,E13_06H,3
420,GU,415,204,0,NaT,NA,NA,NA,,0,NA,13,,3
421,GU,420,204,0,NaT,NA,NA,NA,,0,NA,7,,3
422,GU,421,204,1,NaT,NA,NA,NA,,0,NA,8,,3
423,GU,422,204,0,NaT,NA,NA,NA,,3,0.1445,4,E13_06I,3
424,GU,422,204,0,NaT,NA,NA,NA,,6,0.172,6,E13_06I,3
425,GU,420,204,0,NaT,NA,NA,NA,,0,NA,9,,3
426,GU,425,204,1,NaT,NA,NA,NA,,3,NA,13,E13_06J,3
427,GU,426,204,1,NaT,NA,NA,NA,,11,NA,16,E13_06J,3
428,GU,427,204,1,NaT,NA,NA,NA,,12,0.277,9,E13_06J,3
429,GU,415,204,0,NaT,NA,NA,NA,,0,NA,12,,3
430,GU,429,204,0,NaT,NA,NA,NA,,0,NA,7,,3
431,GU,430,204,1,NaT,NA,NA,NA,,0,NA,9,,3
432,GU,431,204,1,NaT,NA,NA,NA,,8,0.258,16,E13_06N,3
433,GU,429,204,0,NaT,NA,NA,NA,,0,NA,8,,3
434,GU,433,204,1,NaT,NA,NA,NA,,0,NA,15,,3
435,GU,434,204,1,NaT,NA,NA,NA,,13,NA,17,E13_06N,3
436,GU,435,204,1,NaT,NA,NA,NA,,15,0.4415,16,E13_06M,3
437,GU,429,204,0,NaT,NA,NA,NA,,0,NA,8,,3
438,GU,437,204,1,NaT,NA,NA,NA,,0,NA,14,,3
439,GU,438,204,1,NaT,NA,NA,NA,,7,NA,16,E13_06L,3
440,GU,439,204,1,2020-09-12,1,1,6,351,17,0.4145,17,E13_06K,3
441,GU,439,204,0,NaT,NA,NA,NA,,6,0.1785,7,E13_06K,3
442,GU,439,204,0,NaT,NA,NA,NA,,5,0.218,11,E13_06K,3
443,GU,439,204,0,NaT,NA,NA,NA,,4,0.1505,8,E13_06K,3
444,GU,438,204,0,NaT,NA,NA,NA,,5,NA,9,E13_06L,3
445,GU,444,204,1,NaT,NA,NA,NA,,10,0.232,8,E13_06L,3
446,GU,415,204,0,NaT,NA,NA,NA,,0,NA,9,,3
447,GU,446,204,1,NaT,NA,NA,NA,,0,NA,9,,3
448,GU,447,204,1,NaT,NA,NA,NA,,0,NA,17,,3
449,GU,448,204,1,NaT,NA,NA,NA,,6,NA,18,E13_06O,3
450,GU,449,204,1,NaT,NA,NA,NA,,14,0.4295,20,E13_06O,3
451,GU,449,204,0,NaT,NA,NA,NA,,13,0.2885,15,E13_06O,3
452,GU,449,204,0,NaT,NA,NA,NA,,7,0.2775,13,E13_06O,3
453,GU,449,204,0,2020-09-12,1,1,6d,342,4,0.2425,10,E13_06O,3
454,GU,449,204,0,2020-09-12,2,2,6c.6a,371,12,0.427,18,E13_06O,3
455,GU,448,204,0,NaT,NA,NA,NA,,3,NA,13,E13_06P,3
456,GU,455,204,1,2020-09-12,1,1,6b,416,19,0.466,22,E13_06P,3
457,GU,448,204,0,NaT,NA,NA,NA,,2,NA,9,E13_06Q,3
458,GU,457,204,1,NaT,NA,NA,NA,,6,0.186,6,E13_06Q,3
459,GU,446,204,0,NaT,NA,NA,NA,,0,NA,6,,3
460,GU,459,204,1,NaT,NA,NA,NA,,1,NA,14,E13_06Q,3
461,GU,460,204,1,NaT,NA,NA,NA,,11,NA,12,E13_06Q,3
462,GU,461,204,1,NaT,NA,NA,NA,,11,0.205,7,E13_06Q,3
463,GU,414,204,0,NaT,NA,NA,NA,,0,NA,11,,3
464,GU,463,204,0,NaT,NA,NA,NA,,0,NA,9,,3
465,GU,464,204,0,NaT,NA,NA,NA,,0,NA,4,,3
466,GU,465,204,1,NaT,NA,NA,NA,,4,NA,8,E13_06H,3
467,GU,466,204,1,NaT,NA,NA,NA,,5,0.151,4,E13_06H,3
468,GU,463,204,1,NaT,NA,NA,NA,,0,NA,14,,3
469,GU,468,204,0,NaT,NA,NA,NA,,2,0.1675,6,E13_06F,3
470,GU,468,204,0,NaT,NA,NA,NA,,0,NA,2,,3
471,GU,470,204,1,NaT,NA,NA,NA,,2,NA,8,E13_06F,3
472,GU,471,204,1,NaT,NA,NA,NA,,6,0.147,4,E13_06F,3
473,GU,463,204,0,NaT,NA,NA,NA,,0,NA,12,,3
474,GU,473,204,0,NaT,NA,NA,NA,,0,NA,8,,3
475,GU,474,204,1,NaT,NA,NA,NA,,8,NA,15,E13_06G,3
476,GU,475,204,1,NaT,NA,NA,NA,,14,NA,13,E13_06G,3
477,GU,473,204,0,NaT,NA,NA,NA,,0,NA,6,,3
478,GU,477,204,1,NaT,NA,NA,NA,,2,NA,14,E13_06G,3
479,GU,478,204,1,NaT,NA,NA,NA,,12,NA,13,E13_06G,3
480,GU,479,204,1,NaT,NA,NA,NA,,10,0.337,11,E13_06G,3
481,GU,414,204,0,NaT,NA,NA,NA,,0,NA,9,,3
482,GU,481,204,1,NaT,NA,NA,NA,,0,NA,4,,3
483,GU,482,204,1,NaT,NA,NA,NA,,0,NA,10,,3
484,GU,483,204,1,NaT,NA,NA,NA,,6,0.1755,5,E13_06F,3
485,GU,483,204,0,NaT,NA,NA,NA,,1,0.129,2,E13_06F,3
486,scaffold,0,486,0,NAT,NA,NA,NA,,0,7,52,,3
487,scaffold,486,487,0,NAT,NA,NA,NA,,0,3.18,110,,3
488,GU,487,487,1,NAT,NA,NA,NA,,0,NA,19,,3
489,GU,488,487,1,NAT,NA,NA,NA,,0,NA,13,,3
490,GU,489,487,1,NAT,NA,NA,NA,,0,2.2395,19,,3
491,branch,489,487,0,2020-09-12,1,1,8b,412,NA,0.936,NA,,3
492,branch_empty,488,487,0,NAT,NA,NA,NA,,0,0.6535,NA,,3
493,GU,488,487,0,NAT,NA,NA,NA,,0,1.339,14,,3
494,branch,493,487,0,NAT,NA,NA,NA,,NA,0.2895,NA,,3
495,branch,493,487,0,NAT,NA,NA,NA,,NA,0.262,NA,,3
496,branch,493,487,0,NAT,NA,NA,NA,,NA,0.493,NA,,3
497,branch_empty,487,487,0,NAT,NA,NA,NA,,0,0.63,NA,,3
498,GU,487,487,0,NAT,NA,NA,NA,,0,0.678,10,,3
499,branch,498,487,0,NAT,NA,NA,NA,,NA,0.246,NA,,3
500,GU,490,487,1,NAT,NA,NA,NA,,0,NA,21,,3
501,GU,500,487,1,NAT,NA,NA,NA,,0,NA,19,,3
502,GU,501,487,1,NAT,NA,NA,NA,,0,NA,13,,3
503,GU,502,487,1,NAT,NA,NA,NA,,0,NA,17,,3
504,GU,503,487,1,NAT,NA,NA,NA,,0,NA,14,,3
505,GU,504,487,1,NAT,NA,NA,NA,,0,NA,15,,3
506,GU,505,487,1,NAT,NA,NA,NA,,0,NA,17,,3
507,GU,506,487,1,NAT,NA,NA,NA,,0,1.3465,16,,3
508,GU,507,487,0,NAT,NA,NA,NA,,1,0.8195,22,E13_09J,3
509,GU,508,487,0,NAT,NA,NA,NA,,1,NA,18,E13_09J,3
510,GU,509,487,1,2020-09-12,1,1,9d,463,9,0.45,16,E13_09J,3
511,GU,509,487,0,NAT,NA,NA,NA,,9,0.757,13,E13_09J,3
512,GU,508,487,0,NAT,NA,NA,NA,,7,NA,15,E13_09J,3
513,GU,512,487,1,NAT,NA,NA,NA,,8,0.2415,10,E13_09K,3
514,GU,507,487,0,NAT,NA,NA,NA,,0,0.894,22,E13_09I,3
515,GU,514,487,0,NAT,NA,NA,NA,,5,NA,13,E13_09I,3
516,GU,515,487,1,NAT,NA,NA,NA,,12,0.309,10,E13_09I,3
517,GU,514,487,0,NAT,NA,NA,NA,,3,NA,17,E13_09I,3
518,GU,517,487,1,2020-09-12,1,1,9f,406,15,0.4615,13,E13_09I,3
519,GU,514,487,0,NAT,NA,NA,NA,,5,NA,11,E13_09I,3
520,GU,519,487,1,NAT,NA,NA,NA,,12,0.305,12,E13_09I,3
521,GU,507,487,0,NAT,NA,NA,NA,,0,NA,23,,3
522,GU,521,487,1,NAT,NA,NA,NA,,3,NA,19,E13_09L,3
523,GU,522,487,1,2020-09-12,1,1,9e,416,18,0.3825,15,E13_09L,3
524,GU,522,487,0,NAT,NA,NA,NA,,8,0.2325,10,E13_09L,3
525,GU,522,487,0,NAT,NA,NA,NA,,8,0.2325,10,E13_09L,3
526,GU,506,487,0,NAT,NA,NA,NA,,0,1.2495,12,,3
527,GU,526,487,1,NAT,NA,NA,NA,,3,0.943,24,E13_09H,3
528,GU,527,487,0,NAT,NA,NA,NA,,4,NA,13,E13_09H,3
529,GU,528,487,1,NAT,NA,NA,NA,,13,0.274,11,E13_09D,3
530,GU,491,487,0,NAT,NA,NA,NA,,5,NA,17,E13_09H,3
531,GU,530,487,1,2020-09-12,1,1,9b,520,11,0.3735,12,E13_09D,3
532,GU,527,487,0,NAT,NA,NA,NA,,4,NA,18,E13_09H,3
533,GU,532,487,1,2020-09-12,2,2,9.9a,406.59,12,0.603,21,E13_09F,3
534,GU,532,487,0,NAT,NA,NA,NA,,11,0.487,19,E13_09F,3
535,GU,526,487,0,NAT,NA,NA,NA,,1,NA,17,E13_09G,3
536,GU,535,487,1,NAT,NA,NA,NA,,13,NA,18,E13_09G,3
537,GU,536,487,1,2020-09-12,1,1,9c,381,13,0.434,17,E13_09A,3
538,GU,526,487,0,NAT,NA,NA,NA,,1,NA,18,E13_09B,3
539,GU,538,487,1,NAT,NA,NA,NA,,10,NA,22,E13_09B,3
540,GU,539,487,1,NAT,NA,NA,NA,,17,0.5075,20,E13_09B,3
541,GU,539,487,0,NAT,NA,NA,NA,,4,0.1825,8,E13_09B,3
542,GU,538,487,0,NAT,NA,NA,NA,,3,NA,14,E13_09C,3
543,GU,542,487,1,NAT,NA,NA,NA,,14,0.43,16,E13_09C,3
544,GU,538,487,0,NAT,NA,NA,NA,,4,NA,11,E13_09C,3
545,GU,544,487,1,NAT,NA,NA,NA,,9,0.253,10,E13_09C,3
546,GU,506,487,0,NAT,NA,NA,NA,,0,0.641,7,,3
547,GU,546,487,1,NAT,NA,NA,NA,,5,NA,24,E13_10C,3
548,GU,547,487,1,NAT,NA,NA,NA,,11,NA,17,E13_10A,3
549,GU,548,487,1,2020-09-12,1,1,10,391.94,20,0.374,14,E13_10A,3
550,GU,547,487,0,NAT,NA,NA,NA,,5,NA,10,E13_10B,3
551,GU,550,487,1,NAT,NA,NA,NA,,14,0.2915,12,E13_10B,3
552,GU,506,487,0,NAT,NA,NA,NA,,0,NA,7,,3
553,GU,552,487,1,NAT,NA,NA,NA,,4,NA,17,E13_10D,3
554,GU,553,487,1,NAT,NA,NA,NA,,14,NA,12,E13_10D,3
555,GU,554,487,1,NAT,NA,NA,NA,,5,0.2605,9,E13_10D,3
556,GU,504,487,0,NAT,NA,NA,NA,,0,NA,12,,3
557,GU,556,487,1,NAT,NA,NA,NA,,6,0.2075,9,E13_08G,3
558,GU,504,487,0,NAT,NA,NA,NA,,0,NA,12,,3
559,GU,558,487,1,NAT,NA,NA,NA,,0,NA,11,,3
560,GU,559,487,0,NAT,NA,NA,NA,,0,NA,14,,3
561,GU,560,487,1,NAT,NA,NA,NA,,13,NA,21,E13_08J,3
562,GU,561,487,1,NAT,NA,NA,NA,,16,0.388,19,E13_08H,3
563,GU,561,487,0,NAT,NA,NA,NA,,7,0.17,11,E13_08H,3
564,GU,561,487,0,NAT,NA,NA,NA,,3,0.2245,12,E13_08H,3
565,GU,561,487,0,NAT,NA,NA,NA,,9,0.237,14,E13_08H,3
566,GU,561,487,0,NAT,NA,NA,NA,,9,0.237,14,E13_08H,3
567,GU,559,487,0,NAT,NA,NA,NA,,8,NA,19,E13_08K,3
568,GU,567,487,1,NAT,NA,NA,NA,,13,NA,17,E13_08I,3
569,GU,568,487,1,NAT,NA,NA,NA,,8,0.316,13,E13_08I,3
570,GU,502,487,0,NAT,NA,NA,NA,,0,0.631,11,E13_08A,3
571,GU,570,487,1,NAT,NA,NA,NA,,0,NA,13,,3
572,GU,571,487,1,NAT,NA,NA,NA,,0,NA,10,,3
573,GU,572,487,1,NAT,NA,NA,NA,,0,NA,5,,3
574,GU,573,487,1,NAT,NA,NA,NA,,2,NA,13,E13_08B,3
575,GU,574,487,1,NAT,NA,NA,NA,,12,NA,14,E13_08B,3
576,GU,575,487,1,2020-09-12,1,1,8,406.11,15,0.412,19,E13_08A,3
577,GU,575,487,0,NAT,NA,NA,NA,,9,0.2565,15,E13_08A,3
578,GU,575,487,0,NAT,NA,NA,NA,,3,0.171,10,E13_08A,3
579,GU,502,487,0,NAT,NA,NA,NA,,0,NA,9,,3
580,GU,579,487,1,NAT,NA,NA,NA,,0,NA,7,,3
581,GU,580,487,1,NAT,NA,NA,NA,,1,NA,3,E13_08F,3
582,GU,581,487,1,NAT,NA,NA,NA,,5,NA,4,E13_08F,3
583,GU,582,487,1,NAT,NA,NA,NA,,4,0.1975,5,E13_08F,3
584,GU,501,487,0,NAT,NA,NA,NA,,0,NA,12,,3
585,GU,584,487,1,NAT,NA,NA,NA,,0,NA,10,,3
586,GU,585,487,1,NAT,NA,NA,NA,,0,NA,8,,3
587,GU,586,487,0,NAT,NA,NA,NA,,6,0.1665,6,E13_08E,3
588,GU,586,487,0,NAT,NA,NA,NA,,6,0.1545,5,E13_08E,3
589,GU,501,487,0,NAT,NA,NA,NA,,0,NA,13,,3
590,GU,589,487,0,NAT,NA,NA,NA,,0,NA,5,,3
591,GU,590,487,0,NAT,NA,NA,NA,,2,NA,3,E13_08D,3
592,GU,591,487,1,NAT,NA,NA,NA,,4,0.1355,2,E13_08D,3
593,GU,501,487,0,NAT,NA,NA,NA,,0,NA,16,,3
594,GU,593,487,1,NAT,NA,NA,NA,,0,NA,15,,3
595,GU,594,487,1,NAT,NA,NA,NA,,0,NA,15,,3
596,GU,595,487,0,NAT,NA,NA,NA,,6,0.212,10,E13_08C,3
597,GU,595,487,0,NAT,NA,NA,NA,,4,NA,7,E13_08C,3
598,GU,597,487,1,NAT,NA,NA,NA,,7,0.1925,6,E13_08C,3
599,GU,595,487,0,NAT,NA,NA,NA,,2,NA,5,E13_08C,3
600,GU,599,487,1,NAT,NA,NA,NA,,7,0.1695,8,E13_08C,3
601,GU,595,487,0,NAT,NA,NA,NA,,7,NA,12,E13_08C,3
602,GU,601,487,1,NAT,NA,NA,NA,,11,0.246,9,E13_08C,3
603,branch,490,487,0,2020-09-12,1,1,8a,542,NA,1.221,NA,E13_08A,3
604,scaffold,486,486,0,NaT,NA,NA,NA,,0,6.37,41,,3
605,scaffold,604,604,0,NaT,NA,NA,NA,,0,2.92,13,,3
606,scaffold,604,604,0,NaT,NA,NA,NA,,0,5.09,131,,3
607,scaffold,604,604,0,NaT,NA,NA,NA,,0,3.5,149,,3
608,GU,605,604,1,NaT,NA,NA,NA,,0,NA,20,,3
609,GU,608,604,1,NaT,NA,NA,NA,,0,NA,20,,3
610,GU,609,604,1,NaT,NA,NA,NA,,0,NA,17,,3
611,GU,610,604,1,NaT,NA,NA,NA,,0,NA,24,,3
612,GU,611,604,1,NaT,NA,NA,NA,,0,2.0835,20,,3
613,GU,612,604,1,NaT,NA,NA,NA,,0,1.8965,15,,3
614,GU,613,604,0,NaT,NA,NA,NA,,0,1.616,6,,3
615,GU,612,604,0,NaT,NA,NA,NA,,0,0.941,10,,3
616,GU,611,604,0,NaT,NA,NA,NA,,0,0.964,15,,3
617,GU,616,604,1,NaT,NA,NA,NA,,0,NA,11,,3
618,GU,617,604,0,NaT,NA,NA,NA,,10,0.2515,13,E13_12G,3
619,GU,617,604,0,NaT,NA,NA,NA,,8,0.1855,9,E13_12G,3
620,GU,617,604,0,NaT,NA,NA,NA,,5,NA,8,E13_12G,3
621,GU,620,604,1,2020-09-12,1,1,12a,456,12,0.2715,10,E13_12G,3
622,GU,616,604,0,NaT,NA,NA,NA,,9,0.226,14,E13_12G,3
623,GU,616,604,0,NaT,NA,NA,NA,,5,0.1595,8,E13_12G,3
624,GU,614,604,1,NaT,NA,NA,NA,,0,NA,13,,3
625,GU,624,604,1,NaT,NA,NA,NA,,0,NA,11,,3
626,GU,625,604,0,NaT,NA,NA,NA,,0,NA,9,,3
627,GU,626,604,1,NaT,NA,NA,NA,,0,NA,5,,3
628,GU,627,604,0,NaT,NA,NA,NA,,0,NA,2,,3
629,GU,628,604,1,NaT,NA,NA,NA,,0,NA,5,,3
630,GU,629,604,1,NaT,NA,NA,NA,,4,0.128,3,E13_11D,3
631,GU,625,604,0,NaT,NA,NA,NA,,0,NA,10,,3
632,GU,631,604,0,NaT,NA,NA,NA,,0,NA,3,,3
633,GU,632,604,1,NaT,NA,NA,NA,,0,NA,3,,3
634,GU,633,604,0,NaT,NA,NA,NA,,1,NA,3,E13_11E,3
635,GU,634,604,1,NaT,NA,NA,NA,,5,0.128,3,E13_11E,3
636,GU,633,604,0,NaT,NA,NA,NA,,1,0.1335,4,E13_11E,3
637,GU,625,604,0,NaT,NA,NA,NA,,0,NA,13,,3
638,GU,637,604,1,NaT,NA,NA,NA,,0,NA,6,,3
639,GU,638,604,1,NaT,NA,NA,NA,,0,NA,7,,3
640,GU,639,604,1,NaT,NA,NA,NA,,0,NA,12,,3
641,GU,640,604,1,NaT,NA,NA,NA,,1,0.8015,4,E13_11J,3
642,GU,640,604,0,NaT,NA,NA,NA,,3,NA,18,E13_11J,3
643,GU,642,604,1,NaT,NA,NA,NA,,12,NA,14,E13_11J,3
644,GU,643,604,1,NaT,NA,NA,NA,,5,0.2765,10,E13_11F,3
645,GU,640,604,0,NaT,NA,NA,NA,,0,NA,20,,3
646,GU,645,604,1,NaT,NA,NA,NA,,13,NA,22,E13_11J,3
647,GU,646,604,1,NaT,NA,NA,NA,,20,0.4375,20,E13_11F,3
648,GU,646,604,0,NaT,NA,NA,NA,,11,0.32,18,E13_11G,3
649,GU,646,604,0,2020-09-12,1,1,11,456.34,12,0.37,17,E13_11G,3
650,GU,645,604,0,NaT,NA,NA,NA,,2,NA,9,E13_11H,3
651,GU,650,604,1,NaT,NA,NA,NA,,9,0.21,9,E13_11H,3
652,GU,640,604,0,NaT,NA,NA,NA,,1,NA,20,E13_11J,3
653,GU,652,604,1,NaT,NA,NA,NA,,12,NA,20,E13_11J,3
654,GU,653,604,1,2020-09-12,1,1,11a,520,21,0.457,19,E13_11I,3
655,GU,653,604,0,NaT,NA,NA,NA,,9,0.2405,15,E13_11I,3
656,GU,653,604,0,NaT,NA,NA,NA,,8,0.2425,12,E13_11I,3
657,GU,625,604,0,NaT,NA,NA,NA,,0,NA,12,,3
658,GU,657,604,1,NaT,NA,NA,NA,,0,NA,13,,3
659,GU,658,604,1,NaT,NA,NA,NA,,0,NA,6,,3
660,GU,659,604,1,NaT,NA,NA,NA,,0,NA,13,,3
661,GU,660,604,1,NaT,NA,NA,NA,,1,NA,5,E13_13E,3
662,GU,660,604,0,NaT,NA,NA,NA,,2,NA,19,E13_13E,3
663,GU,662,604,1,NaT,NA,NA,NA,,6,NA,7,E13_13B,3
664,GU,663,604,1,NaT,NA,NA,NA,,7,0.22,5,E13_13B,3
665,GU,660,604,0,NaT,NA,NA,NA,,5,NA,18,E13_13E,3
666,GU,665,604,1,NaT,NA,NA,NA,,9,NA,8,E13_13C,3
667,GU,666,604,1,NaT,NA,NA,NA,,8,0.2565,8,E13_13C,3
668,GU,660,604,0,NaT,NA,NA,NA,,4,NA,19,E13_13E,3
669,GU,668,604,1,NaT,NA,NA,NA,,9,NA,8,E13_13A,3
670,GU,669,604,1,2020-09-12,1,1,13b,476,3,0.2275,4,E13_13A,3
671,GU,660,604,0,NaT,NA,NA,NA,,0,NA,19,,3
672,GU,671,604,1,NaT,NA,NA,NA,,15,NA,17,E13_13D,3
673,GU,672,604,1,2020-09-12,2,2,13.13a,400.83,18,0.4825,18,E13_13D,3
674,GU,672,604,0,NaT,NA,NA,NA,,11,0.2945,14,E13_13D,3
675,GU,672,604,0,NaT,NA,NA,NA,,8,0.355,16,E13_13D,3
676,GU,624,604,0,NaT,NA,NA,NA,,0,NA,8,,3
677,GU,676,604,1,NaT,NA,NA,NA,,0,NA,9,,3
678,GU,677,604,0,NaT,NA,NA,NA,,1,NA,5,E13_11C,3
679,GU,678,604,1,NaT,NA,NA,NA,,0,NA,3,,3
680,GU,679,604,1,NaT,NA,NA,NA,,1,NA,5,E13_11C,3
681,GU,680,604,1,NaT,NA,NA,NA,,7,NA,6,E13_11C,3
682,GU,681,604,1,NaT,NA,NA,NA,,7,0.181,5,E13_11C,3
683,GU,679,604,0,NaT,NA,NA,NA,,3,0.1895,5,E13_11C,3
684,GU,679,604,0,NaT,NA,NA,NA,,1,0.114,2,E13_11C,3
685,GU,624,604,0,NaT,NA,NA,NA,,0,NA,11,,3
686,GU,685,604,1,NaT,NA,NA,NA,,0,NA,12,,3
687,GU,686,604,1,NaT,NA,NA,NA,,0,NA,8,,3
688,GU,687,604,0,NaT,NA,NA,NA,,4,0.177,7,E13_11B,3
689,GU,687,604,0,NaT,NA,NA,NA,,5,0.21,8,E13_11B,3
690,GU,687,604,0,NaT,NA,NA,NA,,7,0.205,7,E13_11B,3
691,GU,624,604,0,NaT,NA,NA,NA,,0,NA,9,,3
692,GU,691,604,0,NaT,NA,NA,NA,,0,NA,10,,3
693,GU,692,604,0,NaT,NA,NA,NA,,1,NA,3,E13_11A,3
694,GU,693,604,1,NaT,NA,NA,NA,,12,NA,11,E13_11A,3
695,GU,694,604,1,2020-09-12,1,1,11b,301,10,0.237,8,E13_11A,3
696,GU,615,604,0,NaT,NA,NA,NA,,0,NA,5,,3
697,GU,696,604,1,NaT,NA,NA,NA,,0,NA,10,,3
698,GU,697,604,0,NaT,NA,NA,NA,,0,NA,12,,3
699,GU,698,604,1,NaT,NA,NA,NA,,0,NA,8,,3
700,GU,699,604,0,NaT,NA,NA,NA,,0,NA,4,,3
701,GU,700,604,1,NaT,NA,NA,NA,,0,NA,3,,3
702,GU,701,604,1,NaT,NA,NA,NA,,5,NA,5,E13_12C,3
703,GU,702,604,1,NaT,NA,NA,NA,,5,0.1985,5,E13_12C,3
704,GU,699,604,0,NaT,NA,NA,NA,,0,NA,7,,3
705,GU,704,604,1,NaT,NA,NA,NA,,0,NA,3,,3
706,GU,705,604,1,NaT,NA,NA,NA,,1,NA,8,E13_12A,3
707,GU,706,604,1,NaT,NA,NA,NA,,12,NA,9,E13_12A,3
708,GU,707,604,1,NaT,NA,NA,NA,,12,0.2865,10,E13_12A,3
709,GU,699,604,0,NaT,NA,NA,NA,,0,NA,5,,3
710,GU,709,604,1,NaT,NA,NA,NA,,0,NA,5,,3
711,GU,710,604,1,NaT,NA,NA,NA,,9,NA,7,E13_12B,3
712,GU,711,604,1,2020-09-12,1,1,12,386.74,8,0.2085,5,E13_12B,3
713,GU,698,604,0,NaT,NA,NA,NA,,0,NA,5,,3
714,GU,713,604,1,NaT,NA,NA,NA,,1,NA,5,E13_12D,3
715,GU,714,604,1,NaT,NA,NA,NA,,10,NA,8,E13_12D,3
716,GU,715,604,1,NaT,NA,NA,NA,,12,0.2945,10,E13_12D,3
717,GU,697,604,0,NaT,NA,NA,NA,,0,NA,12,,3
718,GU,717,604,0,NaT,NA,NA,NA,,0,NA,4,,3
719,GU,718,604,0,NaT,NA,NA,NA,,0,NA,3,,3
720,GU,719,604,1,NaT,NA,NA,NA,,4,NA,6,E13_12E,3
721,GU,720,604,1,NaT,NA,NA,NA,,8,0.183,5,E13_12E,3
722,GU,696,604,0,NaT,NA,NA,NA,,0,NA,15,,3
723,GU,722,604,1,NaT,NA,NA,NA,,6,NA,6,E13_12F,3
724,GU,723,604,1,NaT,NA,NA,NA,,7,0.168,6,E13_12F,3
725,branch_empty,606,604,0,NaT,NA,NA,NA,,0,3.15,NA,,3
726,branch_empty,606,604,0,NaT,NA,NA,NA,,0,NA,NA,,3
727,branch_empty,606,604,0,NaT,NA,NA,NA,,0,NA,NA,,3
728,GU,606,604,0,NaT,NA,NA,NA,,0,1.935,15,,3
729,GU,728,604,1,NaT,NA,NA,NA,,0,NA,15,,3
730,GU,729,604,1,NaT,NA,NA,NA,,0,1.64,12,,3
731,branch,729,604,0,2020-09-12,1,1,14h,374,NA,1.185,NA,,3
732,GU,730,604,1,NaT,NA,NA,NA,,0,NA,7,,3
733,GU,732,604,1,NaT,NA,NA,NA,,0,NA,4,,3
734,GU,733,604,1,NaT,NA,NA,NA,,0,NA,5,,3
735,GU,734,604,1,NaT,NA,NA,NA,,0,NA,10,,3
736,GU,735,604,1,NaT,NA,NA,NA,,0,NA,13,,3
737,GU,736,604,1,NaT,NA,NA,NA,,0,NA,10,,3
738,GU,737,604,0,NaT,NA,NA,NA,,0,NA,10,,3
739,GU,737,604,1,NaT,NA,NA,NA,,0,NA,11,,3
740,GU,739,604,0,NaT,NA,NA,NA,,0,NA,10,,3
741,GU,740,604,1,NaT,NA,NA,NA,,1,NA,8,E13_14K,3
742,GU,741,604,1,NaT,NA,NA,NA,,8,0.1625,5,E13_14K,3
743,GU,739,604,0,NaT,NA,NA,NA,,0,0.631,15,,3
744,GU,743,604,0,NaT,NA,NA,NA,,2,NA,7,E13_14K,3
745,GU,744,604,1,NaT,NA,NA,NA,,4,0.252,7,E13_14K,3
746,GU,739,604,0,NaT,NA,NA,NA,,0,NA,14,,3
747,GU,746,604,1,NaT,NA,NA,NA,,13,NA,16,E13_14L,3
748,GU,747,604,1,2020-09-12,2,2,14c.14b,362.5,22,0.447,18,E13_14L,3
749,GU,739,604,0,NaT,NA,NA,NA,,0,NA,17,,3
750,GU,749,604,0,NaT,NA,NA,NA,,2,NA,11,E13_14L,3
751,GU,750,604,1,NaT,NA,NA,NA,,18,0.327,14,E13_14L,3
752,GU,749,604,1,NaT,NA,NA,NA,,4,NA,12,E13_14L,3
753,GU,752,604,1,2020-09-12,1,1,14a,362,21,0.5765,19,E13_14L,3
754,GU,749,604,0,NaT,NA,NA,NA,,4,NA,13,E13_14L,3
755,GU,754,604,1,2020-09-12,1,1,14,464.4,19,0.509,18,E13_14L,3
756,GU,754,604,0,NaT,NA,NA,NA,,8,0.223,11,E13_14M,3
757,GU,738,604,0,NaT,NA,NA,NA,,0,NA,7,,3
758,GU,757,604,1,NaT,NA,NA,NA,,0,NA,3,,3
759,GU,758,604,1,NaT,NA,NA,NA,,0,NA,4,,3
760,GU,759,604,1,NaT,NA,NA,NA,,5,0.198,5,E13_14J,3
761,GU,737,604,0,NaT,NA,NA,NA,,0,NA,8,,3
762,GU,761,604,1,NaT,NA,NA,NA,,0,NA,13,,3
763,GU,762,604,1,NaT,NA,NA,NA,,2,NA,20,E13_14I,3
764,GU,763,604,1,NaT,NA,NA,NA,,10,NA,18,E13_14I,3
765,GU,764,604,1,2020-09-12,2,2,14d.14e,458,21,0.603,20,E13_14I,3
766,GU,764,604,0,NaT,NA,NA,NA,,8,0.2815,13,E13_14I,3
767,GU,764,604,0,NaT,NA,NA,NA,,12,0.487,17,E13_14I,3
768,GU,764,604,0,NaT,NA,NA,NA,,11,0.316,14,E13_14I,3
769,GU,763,604,0,NaT,NA,NA,NA,,2,NA,9,E13_14H,3
770,GU,769,604,1,NaT,NA,NA,NA,,10,0.256,11,E13_14H,3
771,GU,763,604,0,NaT,NA,NA,NA,,2,NA,8,E13_14H,3
772,GU,771,604,1,NaT,NA,NA,NA,,8,0.2225,8,E13_14H,3
773,GU,763,604,0,NaT,NA,NA,NA,,2,NA,9,E13_14G,3
774,GU,773,604,1,NaT,NA,NA,NA,,13,0.2645,11,E13_14G,3
775,GU,763,604,0,NaT,NA,NA,NA,,2,0.1655,5,E13_14G,3
776,GU,762,604,0,NaT,NA,NA,NA,,0,NA,12,,3
777,GU,776,604,0,NaT,NA,NA,NA,,2,0.148,6,E13_14D,3
778,GU,776,604,0,NaT,NA,NA,NA,,4,0.1405,5,E13_14D,3
779,GU,762,604,0,NaT,NA,NA,NA,,0,NA,17,,3
780,GU,779,604,1,NaT,NA,NA,NA,,9,NA,15,E13_14E,3
781,GU,780,604,1,2020-09-12,1,1,14f,508,20,0.454,19,E13_14E,3
782,GU,780,604,0,2020-09-12,1,1,14g,467,8,0.3315,16,E13_14E,3
783,GU,780,604,0,NaT,NA,NA,NA,,4,0.1335,6,E13_14F,3
784,GU,735,604,0,NaT,NA,NA,NA,,0,NA,9,,3
785,GU,784,604,1,NaT,NA,NA,NA,,0,NA,6,,3
786,GU,785,604,1,NaT,NA,NA,NA,,0,NA,5,,3
787,GU,786,604,1,NaT,NA,NA,NA,,4,0.177,5,E13_14C,3
788,GU,735,604,0,NaT,NA,NA,NA,,0,NA,9,,3
789,GU,788,604,0,NaT,NA,NA,NA,,0,NA,7,,3
790,GU,789,604,0,NaT,NA,NA,NA,,0,NA,8,,3
791,GU,790,604,1,NaT,NA,NA,NA,,0,NA,8,,3
792,GU,791,604,1,NaT,NA,NA,NA,,6,0.176,5,E13_14C,3
793,GU,734,604,0,NaT,NA,NA,NA,,0,NA,10,,3
794,GU,793,604,1,NaT,NA,NA,NA,,0,NA,11,,3
795,GU,794,604,1,NaT,NA,NA,NA,,0,NA,2,,3
796,GU,795,604,1,NaT,NA,NA,NA,,0,NA,2,,3
797,GU,796,604,1,NaT,NA,NA,NA,,4,0.2985,6,E13_14C,3
798,GU,730,604,0,NaT,NA,NA,NA,,0,NA,4,,3
799,GU,798,604,1,NaT,NA,NA,NA,,0,NA,10,,3
800,GU,799,604,0,NaT,NA,NA,NA,,7,0.174,8,E13_14B,3
801,GU,799,604,0,NaT,NA,NA,NA,,0,NA,12,,3
802,GU,801,604,1,NaT,NA,NA,NA,,0,NA,13,,3
803,GU,802,604,1,NaT,NA,NA,NA,,0,NA,7,,3
804,GU,803,604,0,NaT,NA,NA,NA,,0,NA,7,,3
805,GU,804,604,1,NaT,NA,NA,NA,,4,NA,9,E13_14A,3
806,GU,805,604,1,NaT,NA,NA,NA,,14,NA,10,E13_14C,3
807,GU,806,604,1,NaT,NA,NA,NA,,7,0.232,5,E13_14A,3
808,GU,607,604,0,NaT,NA,NA,NA,,0,2.639,10,,3
809,GU,808,604,1,NaT,NA,NA,NA,,0,NA,11,,3
810,GU,809,604,1,NaT,NA,NA,NA,,0,NA,14,,3
811,GU,810,604,0,NaT,NA,NA,NA,,0,1.1295,7,,3
812,GU,811,604,1,NaT,NA,NA,NA,,0,NA,24,,3
813,GU,812,604,1,NaT,NA,NA,NA,,0,0.2845,22,E13_16B,3
814,GU,813,604,0,NaT,NA,NA,NA,,0,NA,9,,3
815,GU,814,604,1,NaT,NA,NA,NA,,6,0.215,4,E13_16B,3
816,GU,813,604,0,NaT,NA,NA,NA,,0,NA,9,,3
817,GU,816,604,1,NaT,NA,NA,NA,,0,NA,5,,3
818,GU,817,604,1,NaT,NA,NA,NA,,5,0.1665,4,E13_16C,3
819,GU,812,604,0,NaT,NA,NA,NA,,0,NA,18,,3
820,GU,819,604,0,NaT,NA,NA,NA,,0,NA,8,,3
821,GU,820,604,0,NaT,NA,NA,NA,,0,NA,6,,3
822,GU,821,604,1,NaT,NA,NA,NA,,4,0.1935,4,E13_16D,3
823,GU,819,604,0,NaT,NA,NA,NA,,0,NA,6,,3
824,GU,823,604,0,NaT,NA,NA,NA,,0,NA,7,,3
825,GU,824,604,1,NaT,NA,NA,NA,,8,NA,8,E13_16D,3
826,GU,825,604,1,NaT,NA,NA,NA,,13,0.311,11,E13_16D,3
827,GU,812,604,0,NaT,NA,NA,NA,,0,NA,18,,3
828,GU,827,604,0,NaT,NA,NA,NA,,0,NA,6,,3
829,GU,828,604,0,NaT,NA,NA,NA,,0,NA,5,,3
830,GU,829,604,1,NaT,NA,NA,NA,,0,NA,5,,3
831,GU,830,604,1,NaT,NA,NA,NA,,4,0.156,2,E13_16I,3
832,GU,812,604,0,NaT,NA,NA,NA,,0,NA,21,,3
833,GU,832,604,0,NaT,NA,NA,NA,,0,NA,6,,3
834,GU,833,604,0,NaT,NA,NA,NA,,0,NA,5,,3
835,GU,834,604,1,NaT,NA,NA,NA,,3,0.1805,5,E13_16E,3
836,GU,832,604,0,NaT,NA,NA,NA,,0,NA,7,,3
837,GU,836,604,0,NaT,NA,NA,NA,,0,NA,2,,3
838,GU,837,604,1,NaT,NA,NA,NA,,4,NA,6,E13_16E,3
839,GU,838,604,1,NaT,NA,NA,NA,,7,0.189,4,E13_16E,3
840,GU,832,604,0,NaT,NA,NA,NA,,0,NA,9,,3
841,GU,840,604,0,NaT,NA,NA,NA,,0,NA,4,,3
842,GU,841,604,1,NaT,NA,NA,NA,,6,NA,10,E13_16E,3
843,GU,842,604,1,2020-09-12,1,1,16a,334,9,0.2355,6,E13_16E,3
844,GU,812,604,0,NaT,NA,NA,NA,,0,NA,19,,3
845,GU,844,604,1,NaT,NA,NA,NA,,0,NA,6,,3
846,GU,845,604,0,NaT,NA,NA,NA,,0,NA,8,,3
847,GU,846,604,1,NaT,NA,NA,NA,,0,NA,10,,3
848,GU,847,604,1,NaT,NA,NA,NA,,10,NA,12,E13_16F,3
849,GU,848,604,1,2020-09-12,1,1,16,339.38,13,0.353,10,E13_16F,3
850,GU,844,604,0,NaT,NA,NA,NA,,0,NA,9,,3
851,GU,850,604,1,NaT,NA,NA,NA,,3,0.224,6,E13_14G,3
852,GU,844,604,0,NaT,NA,NA,NA,,0,NA,10,,3
853,GU,852,604,0,NaT,NA,NA,NA,,0,NA,4,,3
854,GU,853,604,1,NaT,NA,NA,NA,,4,0.19,6,E13_16H,3
855,GU,811,604,0,NaT,NA,NA,NA,,0,NA,15,,3
856,GU,855,604,0,NaT,NA,NA,NA,,0,NA,18,,3
857,GU,856,604,1,NaT,NA,NA,NA,,0,NA,6,,3
858,GU,857,604,0,NaT,NA,NA,NA,,1,NA,6,E13_16A,3
859,GU,858,604,1,NaT,NA,NA,NA,,5,0.1725,3,E13_16A,3
860,branch,810,604,0,2020-09-12,7,7,16b.16c.16d.16e.16f.16g.16h,394.14,NA,2.289,NA,,3
861,branch,808,604,0,NaT,NA,NA,NA,,NA,0.5045,NA,,3
862,GU,607,604,0,NaT,NA,NA,NA,,0,2.256,9,,3
863,GU,862,604,1,NaT,NA,NA,NA,,0,NA,18,,3
864,GU,863,604,1,NaT,NA,NA,NA,,0,NA,11,,3
865,GU,864,604,1,NaT,NA,NA,NA,,0,NA,15,,3
866,GU,865,604,1,NaT,NA,NA,NA,,0,NA,19,,3
867,GU,866,604,1,NaT,NA,NA,NA,,0,NA,21,,3
868,branch,867,604,1,2020-09-12,4,4,18d.18e.18f.18h,464.25,NA,1.546,NA,,3
869,GU,867,604,0,NaT,NA,NA,NA,,0,1.1465,12,,3
870,branch,866,604,0,NaT,NA,NA,NA,,NA,0.487,NA,,3
871,branch,866,604,0,NaT,NA,NA,NA,,NA,0.466,NA,,3
872,branch,865,604,0,NaT,NA,NA,NA,,NA,0.7935,NA,,3
873,branch,865,604,0,NaT,NA,NA,NA,,NA,0.6555,NA,,3
874,branch,865,604,0,NaT,NA,NA,NA,,NA,0.378,NA,,3
875,GU,869,604,0,NaT,NA,NA,NA,,0,NA,10,,3
876,GU,875,604,1,NaT,NA,NA,NA,,0,NA,4,,3
877,GU,876,604,1,NaT,NA,NA,NA,,0,NA,5,,3
878,GU,877,604,1,NaT,NA,NA,NA,,5,0.171,4,E13_18A,3
879,GU,869,604,0,NaT,NA,NA,NA,,0,NA,9,,3
880,GU,879,604,1,NaT,NA,NA,NA,,0,NA,7,,3
881,GU,880,604,1,NaT,NA,NA,NA,,0,NA,16,,3
882,GU,881,604,0,NaT,NA,NA,NA,,7,0.1895,9,E13_18B,3
883,GU,881,604,0,NaT,NA,NA,NA,,12,0.3075,13,E13_18B,3
884,GU,881,604,0,NaT,NA,NA,NA,,14,0.316,14,E13_18B,3
885,GU,869,604,0,NaT,NA,NA,NA,,0,NA,12,,3
886,GU,885,604,1,NaT,NA,NA,NA,,0,NA,10,,3
887,GU,886,604,1,NaT,NA,NA,NA,,0,NA,19,,3
888,GU,887,604,0,NaT,NA,NA,NA,,4,NA,9,E13_18C,3
889,GU,888,604,1,NaT,NA,NA,NA,,16,0.3,12,E13_18C,3
890,GU,887,604,0,NaT,NA,NA,NA,,2,NA,11,E13_18D,3
891,GU,890,604,0,2020-09-12,2,2,18.18a,398.29,12,0.355,18,E13_18D,3
892,GU,890,604,0,NaT,NA,NA,NA,,5,0.1995,11,E13_18D,3
893,GU,890,604,0,NaT,NA,NA,NA,,10,0.2855,15,E13_18D,3
894,GU,890,604,0,NaT,NA,NA,NA,,9,0.273,11,E13_18D,3
895,GU,890,604,0,NaT,NA,NA,NA,,5,0.178,8,E13_18D,3
896,GU,886,604,0,NaT,NA,NA,NA,,0,NA,11,,3
897,GU,896,604,1,NaT,NA,NA,NA,,4,NA,8,E13_18E,3
898,GU,897,604,0,NaT,NA,NA,NA,,3,0.15,6,E13_18E,3
899,GU,897,604,0,NaT,NA,NA,NA,,10,0.2755,10,E13_18E,3
900,GU,869,604,0,NaT,NA,NA,NA,,0,NA,11,,3
901,GU,900,604,1,NaT,NA,NA,NA,,0,NA,10,,3
902,GU,901,604,1,NaT,NA,NA,NA,,0,NA,19,,3
903,GU,902,604,0,NaT,NA,NA,NA,,2,NA,8,E13_18K,3
904,GU,903,604,1,2020-09-12,1,1,18b,445,18,0.514,18,E13_18J,3
905,GU,902,604,0,NaT,NA,NA,NA,,2,NA,4,E13_18K,3
906,GU,905,604,1,NaT,NA,NA,NA,,5,0.196,7,E13_18J,3
907,GU,902,604,0,NaT,NA,NA,NA,,2,NA,11,E13_18K,3
908,GU,907,604,1,NaT,NA,NA,NA,,11,0.305,11,E13_18G,3
909,GU,902,604,0,NaT,NA,NA,NA,,2,NA,11,E13_18H,3
910,GU,909,604,0,2020-09-12,1,1,18c,449,5,0.314,10,E13_18H,3
911,GU,909,604,0,NaT,NA,NA,NA,,8,0.2925,12,E13_18H,3
912,GU,909,604,0,NaT,NA,NA,NA,,12,0.345,5,E13_18H,3
913,GU,909,604,0,NaT,NA,NA,NA,,2,0.1255,5,E13_18H,3
914,GU,902,604,0,NaT,NA,NA,NA,,1,NA,13,E13_18K,3
915,GU,914,604,0,NaT,NA,NA,NA,,14,0.4035,18,E13_18I,3
916,GU,914,604,0,NaT,NA,NA,NA,,7,0.174,8,E13_18I,3
917,GU,914,604,0,NaT,NA,NA,NA,,10,0.333,13,E13_18I,3
918,GU,901,604,0,NaT,NA,NA,NA,,0,NA,12,,3
919,GU,918,604,1,NaT,NA,NA,NA,,6,0.2185,8,E13_18F,3
920,scaffold,1,920,0,NAT,NA,NA,NA,,0,8.12,52,,3
921,GU,1690,1689,1,NAT,NA,NA,NA,,0,3.3645,20,,3
922,GU,921,921,0,NAT,NA,NA,NA,,0,2.634,12,,3
923,branch_empty,921,921,0,NAT,NA,NA,NA,,0,1.65,NA,,3
924,GU,921,921,0,NAT,NA,NA,NA,,0,3.239,18,,3
925,GU,924,921,0,NAT,NA,NA,NA,,0,1.6715,20,,3
926,branch_empty,924,921,0,NAT,NA,NA,NA,,0,2.5,NA,,3
927,branch_empty,924,921,0,NAT,NA,NA,NA,,0,2.5,NA,,3
928,GU,922,921,1,NAT,NA,NA,NA,,0,NA,18,,3
929,GU,928,921,1,NAT,NA,NA,NA,,0,NA,14,,3
930,GU,929,921,1,NAT,NA,NA,NA,,0,NA,14,,3
931,GU,930,921,1,NAT,NA,NA,NA,,0,NA,16,,3
932,GU,931,921,0,NAT,NA,NA,NA,,0,1.66,18,,3
933,GU,931,921,0,NAT,NA,NA,NA,,0,0.631,16,,3
934,GU,931,921,0,NAT,NA,NA,NA,,0,1.823,18,,3
935,GU,934,921,1,NAT,NA,NA,NA,,0,1.502,20,,3
936,GU,934,921,0,NAT,NA,NA,NA,,0,0.529,12,,3
937,GU,934,921,0,NAT,NA,NA,NA,,0,1.0325,12,,3
938,GU,930,921,0,NAT,NA,NA,NA,,0,NA,5,,3
939,GU,938,921,1,NAT,NA,NA,NA,,0,NA,14,,3
940,GU,939,921,1,NAT,NA,NA,NA,,0,NA,15,,3
941,GU,940,921,0,NAT,NA,NA,NA,,0,NA,8,,3
942,GU,941,921,1,NAT,NA,NA,NA,,0,NA,5,,3
943,GU,942,921,1,NAT,NA,NA,NA,,5,NA,8,E13_20D,3
944,GU,943,921,1,NAT,NA,NA,NA,,11,0.3235,3,E13_20D,3
945,GU,940,921,0,NAT,NA,NA,NA,,0,NA,11,,3
946,GU,945,921,0,NAT,NA,NA,NA,,0,NA,5,,3
947,GU,946,921,1,NAT,NA,NA,NA,,5,NA,5,E13_12E,3
948,GU,947,921,0,NAT,NA,NA,NA,,5,0.204,3,E13_20E,3
949,GU,947,921,0,NAT,NA,NA,NA,,4,0.1755,2,E13_20E,3
950,GU,932,921,1,NAT,NA,NA,NA,,0,NA,19,,3
951,GU,950,921,0,NAT,NA,NA,NA,,0,NA,15,,3
952,GU,951,921,0,NAT,NA,NA,NA,,0,0.8445,30,,3
953,branch,952,921,0,NAT,NA,NA,NA,,NA,0.366,NA,,3
954,branch,952,921,0,2020-09-12,1,1,38f,400,NA,0.3345,NA,,3
955,branch,952,921,0,NAT,NA,NA,NA,,NA,0.3825,NA,,3
956,GU,951,921,0,NAT,NA,NA,NA,,0,1.124,32,,3
957,branch,956,921,0,2020-09-12,2,2,38d.38e,453,NA,0.682,NA,,3
958,branch,956,921,0,2020-09-12,1,1,38c,486,NA,0.4325,NA,,3
959,branch,956,921,0,NAT,NA,NA,NA,,NA,0.389,NA,,3
960,branch,950,921,0,NAT,NA,NA,NA,,NA,0.3445,NA,,3
961,branch,950,921,0,2020-09-12,2,2,38a.38b,387.5,NA,1.0685,NA,,3
962,GU,933,921,1,NAT,NA,NA,NA,,0,NA,20,,3
963,GU,962,921,0,NAT,NA,NA,NA,,0,NA,11,,3
964,GU,963,921,0,NAT,NA,NA,NA,,2,NA,7,E13_20A,3
965,GU,964,921,1,2020-09-12,1,1,20,386.46,7,0.2585,6,E13_20A,3
966,GU,963,921,0,NAT,NA,NA,NA,,2,NA,6,E13_20A,3
967,GU,966,921,0,NAT,NA,NA,NA,,5,0.195,2,E13_20A,3
968,GU,962,921,0,NAT,NA,NA,NA,,0,NA,12,,3
969,GU,968,921,0,NAT,NA,NA,NA,,0,NA,8,,3
970,GU,969,921,1,NAT,NA,NA,NA,,0,NA,8,,3
971,GU,970,921,1,NAT,NA,NA,NA,,8,NA,7,E13_20B,3
972,GU,971,921,0,NAT,NA,NA,NA,,7,0.21,3,E13_20B,3
973,GU,971,921,0,NAT,NA,NA,NA,,7,0.226,3,E13_20B,3
974,GU,968,921,0,NAT,NA,NA,NA,,0,NA,9,,3
975,GU,974,921,1,NAT,NA,NA,NA,,0,NA,9,,3
976,GU,975,921,1,NAT,NA,NA,NA,,7,NA,6,E13_20C,3
977,GU,976,921,0,NAT,NA,NA,NA,,8,0.225,3,E13_20C,3
978,GU,976,921,0,NAT,NA,NA,NA,,6,0.172,3,E13_20C,3
979,GU,935,921,1,NAT,NA,NA,NA,,0,1.4375,16,,3
980,GU,979,921,1,NAT,NA,NA,NA,,0,0.929,14,,3
981,branch,980,921,0,2020-09-12,2,2,39d.39e,424.5,NA,0.642,NA,,3
982,branch,980,921,0,NAT,NA,NA,NA,,NA,0.373,NA,,3
983,branch,979,921,0,NAT,NA,NA,NA,,NA,0.1885,NA,,3
984,branch,979,921,0,2020-09-12,3,3,39a.39b.39c,421,NA,0.9005,NA,,3
985,branch,935,921,0,NAT,NA,NA,NA,,NA,0.555,NA,,3
986,branch,935,921,0,NAT,NA,NA,NA,,NA,0.41,NA,,3
987,GU,925,921,1,NAT,NA,NA,NA,,0,NA,6,,3
988,GU,987,921,1,NAT,NA,NA,NA,,0,NA,6,,3
989,GU,988,921,1,NAT,NA,NA,NA,,0,NA,9,,3
990,GU,989,921,1,NAT,NA,NA,NA,,0,NA,9,,3
991,GU,990,921,1,NAT,NA,NA,NA,,0,NA,14,,3
992,GU,991,921,1,NAT,NA,NA,NA,,0,NA,5,,3
993,GU,992,921,1,NAT,NA,NA,NA,,0,NA,10,,3
994,GU,993,921,0,NAT,NA,NA,NA,,0,NA,10,,3
995,GU,994,921,0,NAT,NA,NA,NA,,0,NA,7,,3
996,GU,995,921,1,NAT,NA,NA,NA,,6,0.2035,6,E13_19J,3
997,GU,994,921,0,NAT,NA,NA,NA,,0,NA,11,,3
998,GU,997,921,1,NAT,NA,NA,NA,,0,NA,12,,3
999,GU,998,921,0,NAT,NA,NA,NA,,0,NA,12,,3
1000,GU,999,921,0,2020-09-12,1,1,19,407.35,10,0.2545,9,E13_19G,3
1001,GU,999,921,0,NAT,NA,NA,NA,,8,0.266,6,E13_19G,3
1002,GU,998,921,0,NAT,NA,NA,NA,,1,NA,6,E13_19G,3
1003,GU,1002,921,0,NAT,NA,NA,NA,,5,0.132,4,E13_19G,3
1004,GU,1002,921,0,NAT,NA,NA,NA,,2,NA,13,E13_19G,3
1005,GU,1004,921,0,NAT,NA,NA,NA,,8,0.2145,7,E13_19G,3
1006,GU,997,921,0,NAT,NA,NA,NA,,5,0.2075,9,E13_19D,3
1007,GU,994,921,0,NAT,NA,NA,NA,,0,NA,8,,3
1008,GU,1007,921,1,NAT,NA,NA,NA,,0,NA,8,,3
1009,GU,1008,921,1,NAT,NA,NA,NA,,0,NA,9,,3
1010,GU,1009,921,0,NAT,NA,NA,NA,,12,0.2855,7,E13_19H,3
1011,GU,1009,921,0,NAT,NA,NA,NA,,5,0.136,3,E13_19H,3
1012,GU,1008,921,0,NAT,NA,NA,NA,,3,0.147,3,E13_19I,3
1013,GU,1007,921,0,NAT,NA,NA,NA,,3,0.221,6,E13_19I,3
1014,GU,993,921,0,NAT,NA,NA,NA,,0,NA,9,,3
1015,GU,1014,921,0,NAT,NA,NA,NA,,0,NA,7,,3
1016,GU,1015,921,1,NAT,NA,NA,NA,,0,NA,7,,3
1017,GU,1016,921,1,NAT,NA,NA,NA,,0,NA,8,,3
1018,GU,1017,921,0,NAT,NA,NA,NA,,7,0.2325,5,E13_19L,3
1019,GU,1014,921,0,NAT,NA,NA,NA,,0,NA,9,,3
1020,GU,1019,921,1,NAT,NA,NA,NA,,0,NA,13,,3
1021,GU,1020,921,1,NAT,NA,NA,NA,,4,NA,18,E13_19L,3
1022,GU,1021,921,0,NAT,NA,NA,NA,,10,0.2455,9,E13_19K,3
1023,GU,1021,921,0,NAT,NA,NA,NA,,9,0.2345,7,E13_19K,3
1024,GU,1021,921,0,NAT,NA,NA,NA,,9,0.2455,7,E13_19K,3
1025,GU,1021,921,0,NAT,NA,NA,NA,,11,0.246,8,E13_19K,3
1026,GU,1021,921,0,NAT,NA,NA,NA,,5,0.13,5,E13_19K,3
1027,GU,993,921,0,NAT,NA,NA,NA,,0,NA,10,,3
1028,GU,1027,921,0,NAT,NA,NA,NA,,0,NA,12,,3
1029,GU,1028,921,1,NAT,NA,NA,NA,,0,NA,10,,3
1030,GU,1029,921,1,NAT,NA,NA,NA,,0,NA,19,,3
1031,GU,1030,921,1,2020-09-12,2,2,19a.19b,411,11,0.397,13,E13_19M,3
1032,GU,1030,921,0,NAT,NA,NA,NA,,6,0.2,8,E13_19M,3
1033,GU,1030,921,0,NAT,NA,NA,NA,,9,0.258,10,E13_19M,3
1034,GU,1030,921,0,NAT,NA,NA,NA,,13,0.3085,10,E13_19M,3
1035,GU,1030,921,0,NAT,NA,NA,NA,,13,0.353,12,E13_19M,3
1036,GU,1029,921,0,NAT,NA,NA,NA,,1,NA,6,E13_19N,3
1037,GU,1036,921,1,NAT,NA,NA,NA,,3,0.1305,3,E13_19N,3
1038,GU,990,921,0,NAT,NA,NA,NA,,0,NA,14,,3
1039,GU,1038,921,1,NAT,NA,NA,NA,,0,NA,12,,3
1040,GU,1039,921,0,NAT,NA,NA,NA,,0,NA,10,,3
1041,GU,1040,921,0,NAT,NA,NA,NA,,0,NA,7,,3
1042,GU,1041,921,0,NAT,NA,NA,NA,,7,0.1975,5,E13_19D,3
1043,GU,1040,921,0,NAT,NA,NA,NA,,0,NA,8,,3
1044,GU,1043,921,1,NAT,NA,NA,NA,,1,NA,9,E13_19F,3
1045,GU,1044,921,1,NAT,NA,NA,NA,,4,NA,6,E13_19F,3
1046,GU,1045,921,1,NAT,NA,NA,NA,,6,0.139,4,E13_19F,3
1047,GU,1040,921,0,NAT,NA,NA,NA,,0,NA,7,,3
1048,GU,1047,921,1,NAT,NA,NA,NA,,0,NA,10,,3
1049,GU,1048,921,0,NAT,NA,NA,NA,,4,NA,7,E13_19F,3
1050,GU,1049,921,0,NAT,NA,NA,NA,,2,0.112,3,E13_19F,3
1051,GU,1049,921,0,NAT,NA,NA,NA,,10,0.237,6,E13_19F,3
1052,GU,925,921,0,NAT,NA,NA,NA,,0,NA,5,,3
1053,GU,1052,921,1,NAT,NA,NA,NA,,0,NA,8,,3
1054,GU,1053,921,1,NAT,NA,NA,NA,,0,NA,10,,3
1055,GU,1054,921,0,NAT,NA,NA,NA,,0,NA,14,,3
1056,GU,1055,921,1,NAT,NA,NA,NA,,0,NA,12,,3
1057,GU,1056,921,0,NAT,NA,NA,NA,,5,0.185,9,E13_19B,3
1058,GU,1056,921,0,NAT,NA,NA,NA,,0,NA,7,,3
1059,GU,1058,921,0,NAT,NA,NA,NA,,2,0.1715,5,E13_19D,3
1060,GU,1054,921,0,NAT,NA,NA,NA,,0,NA,16,,3
1061,GU,1060,921,1,NAT,NA,NA,NA,,0,NA,14,,3
1062,GU,1061,921,0,NAT,NA,NA,NA,,0,NA,7,,3
1063,GU,1062,921,1,NAT,NA,NA,NA,,0,NA,3,,3
1064,GU,1063,921,1,NAT,NA,NA,NA,,1,NA,6,E13_19C,3
1065,GU,1064,921,0,NAT,NA,NA,NA,,6,0.174,3,E13_19C,3
1066,GU,1061,921,0,NAT,NA,NA,NA,,0,NA,8,,3
1067,GU,1066,921,0,NAT,NA,NA,NA,,0,NA,5,,3
1068,GU,1067,921,1,NAT,NA,NA,NA,,0,NA,8,,3
1069,GU,1068,921,1,NAT,NA,NA,NA,,9,0.292,8,E13_19C,3
1070,GU,1069,921,0,NAT,NA,NA,NA,,1,0.164,4,E13_19C,3
1071,GU,1060,921,0,NAT,NA,NA,NA,,3,0.114,3,E13_19B,3
1072,GU,1060,921,0,NAT,NA,NA,NA,,9,0.1995,8,E13_19B,3
1073,GU,1053,921,0,NAT,NA,NA,NA,,7,0.239,11,E13_19A,3
1074,GU,1053,921,0,NAT,NA,NA,NA,,6,NA,7,E13_19A,3
1075,GU,1074,921,1,NAT,NA,NA,NA,,8,0.2795,10,E13_19A,3
1076,GU,1052,921,0,NAT,NA,NA,NA,,4,0.177,7,E13_19A,3
1077,GU,936,921,1,NAT,NA,NA,NA,,0,NA,10,,3
1078,GU,1077,921,0,NAT,NA,NA,NA,,0,NA,4,,3
1079,GU,1078,921,1,NAT,NA,NA,NA,,5,NA,6,E13_22A,3
1080,GU,1079,921,1,NAT,NA,NA,NA,,8,0.2425,2,E13_22A,3
1081,GU,936,921,0,NAT,NA,NA,NA,,0,NA,11,,3
1082,GU,1081,921,0,NAT,NA,NA,NA,,0,NA,8,,3
1083,GU,1082,921,1,NAT,NA,NA,NA,,5,NA,8,E13_22B,3
1084,GU,1083,921,1,2020-09-12,1,1,22,385.27,8,0.264,3,E13_22B,3
1085,GU,1081,921,0,NAT,NA,NA,NA,,0,NA,8,,3
1086,GU,1085,921,1,NAT,NA,NA,NA,,7,NA,10,E13_22C,3
1087,GU,1086,921,0,NAT,NA,NA,NA,,6,0.2105,3,E13_22C,3
1088,GU,1086,921,0,NAT,NA,NA,NA,,6,0.212,3,E13_22C,3
1089,GU,937,921,1,NAT,NA,NA,NA,,0,NA,10,,3
1090,GU,1089,921,0,NAT,NA,NA,NA,,8,NA,8,E13_23A,3
1091,GU,1090,921,1,NAT,NA,NA,NA,,1,0.1775,5,E13_23A,3
1092,GU,1089,921,0,NAT,NA,NA,NA,,0,NA,6,,3
1093,GU,1092,921,1,NAT,NA,NA,NA,,0,NA,8,,3
1094,GU,1093,921,1,NAT,NA,NA,NA,,2,NA,11,E13_23B,3
1095,GU,1094,921,0,2020-09-12,1,1,23,454.81,9,0.3355,5,E13_23B,3
1096,GU,1094,921,0,NAT,NA,NA,NA,,4,NA,3,E13_23B,3
1097,GU,1089,921,0,NAT,NA,NA,NA,,0,NA,8,,3
1098,GU,1097,921,1,NAT,NA,NA,NA,,0,NA,7,,3
1099,GU,1098,921,1,NAT,NA,NA,NA,,0,NA,11,,3
1100,GU,1099,921,0,NAT,NA,NA,NA,,9,0.2015,4,E13_23C,3
1101,GU,1099,921,0,NAT,NA,NA,NA,,6,0.229,4,E13_23C,3
1102,GU,1097,921,0,NAT,NA,NA,NA,,0,NA,9,,3
1103,GU,1102,921,1,NAT,NA,NA,NA,,8,0.211,2,E13_23C,3
1104,GU,1089,921,0,NAT,NA,NA,NA,,0,NA,10,,3
1105,GU,1104,921,1,NAT,NA,NA,NA,,0,NA,11,,3
1106,GU,1105,921,1,NAT,NA,NA,NA,,2,NA,17,E13_23E,3
1107,GU,1106,921,0,2020-09-12,1,1,23a,433,10,0.307,9,E13_23D,3
1108,GU,1106,921,0,NAT,NA,NA,NA,,11,0.388,10,E13_23D,3
1109,GU,1106,921,0,NAT,NA,NA,NA,,9,0.2825,9,E13_23D,3
1110,GU,1106,921,0,NAT,NA,NA,NA,,5,0.1945,8,E13_23D,3
1111,GU,1106,921,0,NAT,NA,NA,NA,,10,0.257,10,E13_23D,3
1112,GU,1106,921,0,NAT,NA,NA,NA,,3,0.1495,4,E13_23D,3
1113,GU,937,921,0,NAT,NA,NA,NA,,0,NA,10,,3
1114,GU,1113,921,1,NAT,NA,NA,NA,,2,NA,6,E13_23A,3
1115,GU,1114,921,1,NAT,NA,NA,NA,,6,0.188,4,E13_23A,3
1116,scaffold,920,1116,0,NAT,NA,NA,NA,,0,6.21,66,,3
1117,GU,1116,1116,0,NAT,NA,NA,NA,,0,1.861,12,,3
1118,branch_empty,1116,1116,0,NAT,NA,NA,NA,,0,4.2,NA,,3
1119,GU,1697,1116,1,NAT,NA,NA,NA,,0,2.8625,15,,3
1120,GU,1119,1116,0,NAT,NA,NA,NA,,0,2.82,7,,3
1121,branch_empty,1119,1116,0,NAT,NA,NA,NA,,0,2.1,NA,,3
1122,branch_empty,1119,1116,0,NAT,NA,NA,NA,,0,2.1,NA,,3
1123,GU,1120,1116,1,NAT,NA,NA,NA,,0,NA,10,,3
1124,GU,1123,1116,1,NAT,NA,NA,NA,,0,NA,11,,3
1125,GU,1124,1116,1,NAT,NA,NA,NA,,0,NA,9,,3
1126,GU,1124,1116,0,NAT,NA,NA,NA,,0,0.77,10,,3
1127,GU,1124,1116,0,NAT,NA,NA,NA,,6,0.2675,6,,3
1128,GU,1124,1116,0,NAT,NA,NA,NA,,6,0.314,7,,3
1129,GU,1124,1116,0,NAT,NA,NA,NA,,0,NA,13,,3
1130,multiple_GU,1129,1116,1,NAT,NA,NA,NA,,0,1.1585,15,,3
1131,GU,1130,1116,0,NAT,NA,NA,NA,,0,1.057,13,,3
1132,multiple_GU,1131,1116,0,2020-09-12,1,1,26a,459,32,0.6545,37,,3
1133,GU,1131,1116,0,NAT,NA,NA,NA,,3,0.223,8,,3
1134,GU,1130,1116,0,2020-09-12,1,1,26b,410,10,0.329,17,,3
1135,GU,1130,1116,0,NAT,NA,NA,NA,,13,0.3435,20,,3
1136,multiple_GU,1130,1116,0,NAT,NA,NA,NA,,26,0.559,35,,3
1137,multiple_GU,1130,1116,0,NAT,NA,NA,NA,,12,0.39,27,,3
1138,multiple_GU,1129,1116,0,2020-09-12,1,1,26c,447,16,0.516,37,,3
1139,multiple_GU,1124,1116,0,NAT,NA,NA,NA,,0,1.036,38,,3
1140,branch,1139,1116,0,2020-09-12,2,2,26e.26d,420.5,NA,0.616,NA,,3
1141,branch,1139,1116,0,NAT,NA,NA,NA,,NA,0.8335,NA,,3
1142,GU,1126,1116,0,NAT,NA,NA,NA,,1,NA,15,E13_26A,3
1143,GU,1142,1116,1,NAT,NA,NA,NA,,10,0.2715,8,E13_26A,3
1144,GU,1126,1116,0,NAT,NA,NA,NA,,0,NA,15,,3
1145,GU,1144,1116,1,NAT,NA,NA,NA,,0,NA,14,,3
1146,GU,1145,1116,1,NAT,NA,NA,NA,,0,NA,8,,3
1147,GU,1146,1116,1,NAT,NA,NA,NA,,9,NA,7,E13_26B,3
1148,GU,1147,1116,1,NAT,NA,NA,NA,,11,NA,4,E13_26B,3
1149,GU,1148,1116,1,2020-09-12,1,1,26,435.25,14,0.4565,13,E13_26B,3
1150,GU,1117,1116,1,NAT,NA,NA,NA,,0,NA,22,,3
1151,GU,1150,1116,1,NAT,NA,NA,NA,,0,1.539,7,,3
1152,GU,1151,1116,1,NAT,NA,NA,NA,,0,1.4225,40,,3
1153,branch_empty,1152,1116,0,NAT,NA,NA,NA,,0,1.044,NA,,3
1154,branch_empty,1152,1116,0,NAT,NA,NA,NA,,0,0.923,NA,,3
1155,branch_empty,1151,1116,0,NAT,NA,NA,NA,,0,0.1805,NA,,3
1156,branch,1151,1116,0,2020-09-12,1,1,25b,401,0,0.5195,NA,,3
1157,GU,1150,1116,0,NAT,NA,NA,NA,,0,1.096,22,,3
1158,GU,1150,1116,0,NAT,NA,NA,NA,,10,0.3505,14,,3
1159,GU,1157,1116,1,NAT,NA,NA,NA,,0,NA,18,,3
1160,GU,1159,1116,1,NAT,NA,NA,NA,,0,NA,16,,3
1161,GU,1160,1116,0,NAT,NA,NA,NA,,2,NA,3,E13_25B,3
1162,GU,1161,1116,1,2020-09-12,1,1,25a,242,6,0.2895,6,E13_25B,3
1163,GU,1160,1116,0,NAT,NA,NA,NA,,0,NA,4,,3
1164,GU,1163,1116,1,NAT,NA,NA,NA,,0,NA,5,,3
1165,GU,1164,1116,1,NAT,NA,NA,NA,,0,NA,6,,3
1166,GU,1165,1116,1,NAT,NA,NA,NA,,0,NA,13,,3
1167,GU,1166,1116,0,NAT,NA,NA,NA,,0,NA,9,,3
1168,GU,1167,1116,0,NAT,NA,NA,NA,,7,0.191,4,E13_25D,3
1169,GU,1166,1116,0,NAT,NA,NA,NA,,2,0.1595,3,E13_25D,3
1170,GU,1165,1116,0,NAT,NA,NA,NA,,6,NA,5,E13_25C,3
1171,GU,1170,1116,1,2020-09-12,1,1,25,408.76,0,0.2045,4,E13_25D,3
1172,GU,1160,1116,0,NAT,NA,NA,NA,,0,NA,6,,3
1173,GU,1172,1116,1,NAT,NA,NA,NA,,0,NA,3,,3
1174,GU,1173,1116,1,NAT,NA,NA,NA,,0,NA,6,,3
1175,GU,1174,1116,1,NAT,NA,NA,NA,,0,NA,18,,3
1176,GU,1175,1116,0,NAT,NA,NA,NA,,0,NA,12,,3
1177,GU,1176,1116,0,NAT,NA,NA,NA,,0,NA,15,,3
1178,GU,1177,1116,0,NAT,NA,NA,NA,,8,0.208,5,E13_25G,3
1179,GU,1177,1116,0,NAT,NA,NA,NA,,3,0.1465,3,E13_25G,3
1180,GU,1175,1116,0,NAT,NA,NA,NA,,0,NA,14,,3
1181,GU,1180,1116,1,NAT,NA,NA,NA,,0,NA,18,,3
1182,GU,1181,1116,0,NAT,NA,NA,NA,,0,NA,2,,3
1183,GU,1182,1116,1,NAT,NA,NA,NA,,1,0.179,3,E13_25F,3
1184,GU,1181,1116,0,NAT,NA,NA,NA,,0,NA,2,,3
1185,GU,1184,1116,1,NAT,NA,NA,NA,,3,0.164,3,E13_25F,3
1186,GU,1172,1116,0,NAT,NA,NA,NA,,0,NA,5,,3
1187,GU,1186,1116,1,NAT,NA,NA,NA,,0,NA,19,,3
1188,GU,1187,1116,0,NAT,NA,NA,NA,,2,0.1755,3,E13_25E,3
1189,GU,1187,1116,0,NAT,NA,NA,NA,,0,NA,8,,3
1190,GU,1189,1116,0,NAT,NA,NA,NA,,0,NA,6,,3
1191,GU,1190,1116,0,NAT,NA,NA,NA,,7,0.2025,3,E13_25F,3
1192,GU,1159,1116,0,NAT,NA,NA,NA,,6,0.2195,7,E13_25A,3
1193,GU,1159,1116,0,NAT,NA,NA,NA,,10,NA,11,E13_25A,3
1194,GU,1193,1116,1,NAT,NA,NA,NA,,10,NA,11,E13_25A,3
1195,scaffold,920,1195,0,NAT,NA,NA,NA,,0,5.41,70,,3
1196,multiple_GU,1195,1195,1,NAT,NA,NA,NA,,0,4.242,38,,3
1197,multiple_GU,1196,1195,1,NAT,NA,NA,NA,,0,3.8015,59,,3
1198,branch_empty,1197,1195,1,NAT,NA,NA,NA,,0,NA,NA,,3
1199,GU,1197,1195,0,NAT,NA,NA,NA,,0,1.4,8,,3
1200,GU,1197,1195,0,NAT,NA,NA,NA,,0,2.469,8,,3
1201,GU,1196,1195,0,NAT,NA,NA,NA,,0,2.48,10,,3
1202,GU,1195,1195,0,NAT,NA,NA,NA,,0,1.7825,13,,3
1203,GU,1195,1195,0,NAT,NA,NA,NA,,0,2.0915,13,,3
1204,GU,1199,1195,1,NAT,NA,NA,NA,,0,NA,11,,3
1205,GU,1204,1195,1,NAT,NA,NA,NA,,0,NA,9,,3
1206,GU,1205,1195,0,NAT,NA,NA,NA,,0,NA,5,,3
1207,GU,1206,1195,1,NAT,NA,NA,NA,,0,NA,5,,3
1208,GU,1207,1195,1,NAT,NA,NA,NA,,0,NA,2,,3
1209,GU,1208,1195,1,NAT,NA,NA,NA,,0,0.621,7,,3
1210,GU,1208,1195,0,NAT,NA,NA,NA,,7,0.2295,7,E13_30A,3
1211,GU,1208,1195,0,NAT,NA,NA,NA,,6,0.261,9,E13_30A,3
1212,GU,1205,1195,0,NAT,NA,NA,NA,,0,NA,10,,3
1213,GU,1212,1195,1,NAT,NA,NA,NA,,0,NA,11,,3
1214,GU,1213,1195,1,NAT,NA,NA,NA,,0,NA,20,,3
1215,GU,1214,1195,0,NAT,NA,NA,NA,,0,NA,14,,3
1216,GU,1215,1195,0,NAT,NA,NA,NA,,5,0.17,5,E13_30B,3
1217,GU,1214,1195,0,NAT,NA,NA,NA,,0,NA,19,,3
1218,GU,1217,1195,0,NAT,NA,NA,NA,,0,NA,8,,3
1219,GU,1218,1195,0,NAT,NA,NA,NA,,7,0.179,3,E13_30C,3
1220,GU,1217,1195,0,NAT,NA,NA,NA,,0,NA,9,,3
1221,GU,1220,1195,0,NAT,NA,NA,NA,,3,NA,4,E13_30C,3
1222,GU,1221,1195,1,NAT,NA,NA,NA,,5,0.1545,2,E13_30C,3
1223,GU,1214,1195,0,NAT,NA,NA,NA,,0,NA,17,,3
1224,GU,1223,1195,0,NAT,NA,NA,NA,,0,NA,8,,3
1225,GU,1224,1195,0,NAT,NA,NA,NA,,0,NA,3,,3
1226,GU,1225,1195,1,NAT,NA,NA,NA,,1,0.262,9,E13_30D,3
1227,GU,1224,1195,0,NAT,NA,NA,NA,,0,NA,4,,3
1228,GU,1227,1195,1,NAT,NA,NA,NA,,4,NA,9,E13_30D,3
1229,GU,1228,1195,1,NAT,NA,NA,NA,,5,0.2655,6,E13_30D,3
1230,GU,1223,1195,0,NAT,NA,NA,NA,,0,NA,4,,3
1231,GU,1230,1195,1,NAT,NA,NA,NA,,4,0.2095,6,E13_30E,3
1232,GU,1214,1195,0,NAT,NA,NA,NA,,0,NA,17,,3
1233,GU,1232,1195,1,NAT,NA,NA,NA,,0,NA,10,,3
1234,GU,1233,1195,0,NAT,NA,NA,NA,,0,NA,4,,3
1235,GU,1234,1195,1,NAT,NA,NA,NA,,6,NA,11,,3
1236,GU,1235,1195,1,NAT,NA,NA,NA,,6,NA,11,E13_30H,3
1237,GU,1236,1195,1,NAT,NA,NA,NA,,9,0.254,3,E13_30H,3
1238,GU,1233,1195,0,NAT,NA,NA,NA,,0,NA,4,,3
1239,GU,1238,1195,1,NAT,NA,NA,NA,,3,NA,12,E13_30K,3
1240,GU,1239,1195,1,NAT,NA,NA,NA,,11,NA,13,E13_30K,3
1241,GU,1240,1195,1,NAT,NA,NA,NA,,13,NA,6,E13_30I,3
1242,GU,1241,1195,0,NAT,NA,NA,NA,,9,0.335,15,E13_30I,3
1243,GU,1241,1195,0,2020-09-12,1,1,30b,77,7,0.328,14,E13_30I,3
1244,GU,1241,1195,0,NAT,NA,NA,NA,,5,0.2365,13,E13_30J,3
1245,GU,1241,1195,0,NAT,NA,NA,NA,,2,0.16,4,E13_30J,3
1246,GU,1232,1195,0,NAT,NA,NA,NA,,0,NA,9,,3
1247,GU,1246,1195,0,NAT,NA,NA,NA,,5,0.1975,7,E13_30F,3
1248,GU,1232,1195,0,NAT,NA,NA,NA,,0,NA,10,,3
1249,GU,1248,1195,0,NAT,NA,NA,NA,,6,0.1695,6,E13_30G,3
1250,GU,1248,1195,0,NAT,NA,NA,NA,,5,0.1915,7,E13_30G,3
1251,GU,1214,1195,0,NAT,NA,NA,NA,,0,NA,18,,3
1252,GU,1251,1195,0,NAT,NA,NA,NA,,0,NA,11,,3
1253,GU,1252,1195,0,NAT,NA,NA,NA,,3,NA,8,E13_31A,3
1254,GU,1253,1195,1,NAT,NA,NA,NA,,5,0.179,4,E13_31A,3
1255,GU,1252,1195,0,NAT,NA,NA,NA,,5,0.204,8,E13_31A,3
1256,GU,1251,1195,0,NAT,NA,NA,NA,,0,NA,9,,3
1257,GU,1256,1195,1,NAT,NA,NA,NA,,0,NA,5,,3
1258,GU,1257,1195,1,NAT,NA,NA,NA,,5,NA,15,E13_31C,3
1259,GU,1258,1195,1,NAT,NA,NA,NA,,15,NA,16,E13_31B,3
1260,GU,1259,1195,1,2020-09-12,3,3,31.31a.31b,398.96,11,0.476,4,E13_31B,3
1261,GU,1251,1195,0,NAT,NA,NA,NA,,0,NA,12,,3
1262,GU,1261,1195,0,NAT,NA,NA,NA,,0,NA,5,,3
1263,GU,1262,1195,1,NAT,NA,NA,NA,,4,NA,12,E13_31D,3
1264,GU,1263,1195,1,NAT,NA,NA,NA,,9,NA,7,E13_31D,3
1265,GU,1264,1195,1,2020-09-12,1,1,30a,368,8,0.2475,3,E13_31D,3
1266,GU,1261,1195,0,NAT,NA,NA,NA,,6,NA,6,E13_31G,3
1267,GU,1266,1195,1,NAT,NA,NA,NA,,16,NA,18,E13_31G,3
1268,GU,1267,1195,1,NAT,NA,NA,NA,,15,NA,15,E13_31G,3
1269,GU,1268,1195,1,NAT,NA,NA,NA,,13,0.367,18,E13_31E,3
1270,GU,1268,1195,0,NAT,NA,NA,NA,,6,0.2455,16,E13_31E,3
1271,GU,1268,1195,0,NAT,NA,NA,NA,,3,0.1435,12,E13_31E,3
1272,GU,1268,1195,0,NAT,NA,NA,NA,,3,0.1845,12,E13_31E,3
1273,GU,1268,1195,0,NAT,NA,NA,NA,,5,0.2,8,E13_31E,3
1274,GU,1267,1195,0,NAT,NA,NA,NA,,5,NA,7,E13_31F,3
1275,GU,1274,1195,0,2020-09-12,1,1,30,359.53,2,0.3185,10,E13_31F,3
1276,GU,1274,1195,0,NAT,NA,NA,NA,,3,0.247,9,E13_31F,3
1277,GU,1200,1195,1,NAT,NA,NA,NA,,0,NA,14,,3
1278,GU,1277,1195,1,NAT,NA,NA,NA,,0,NA,20,,3
1279,GU,1278,1195,1,NAT,NA,NA,NA,,0,2.0555,9,,3
1280,GU,1279,1195,1,NAT,NA,NA,NA,,0,NA,7,,3
1281,GU,1280,1195,1,NAT,NA,NA,NA,,0,NA,9,,3
1282,GU,1281,1195,1,NAT,NA,NA,NA,,0,NA,16,,3
1283,GU,1282,1195,0,NAT,NA,NA,NA,,0,1.9715,17,,3
1284,branch,1282,1195,0,2020-09-12,1,1,32g,287,NA,0.52,NA,,3
1285,branch,1282,1195,0,2020-09-12,1,1,32h,400,NA,0.481,NA,,3
1286,branch,1282,1195,0,NAT,NA,NA,NA,,NA,0.292,NA,,3
1287,branch,1282,1195,0,NAT,NA,NA,NA,,NA,0.3815,NA,,3
1288,GU,1282,1195,0,NAT,NA,NA,NA,,0,1.2545,20,,3
1289,branch,1288,1195,0,2020-09-12,1,1,32i,409,NA,0.896,NA,,3
1290,branch,1288,1195,0,NAT,NA,NA,NA,,NA,0.739,NA,,3
1291,branch,1278,1195,0,NAT,NA,NA,NA,,NA,0.5555,NA,,3
1292,branch,1278,1195,0,NAT,NA,NA,NA,,NA,0.8425,NA,,3
1293,branch,1200,1195,0,NAT,NA,NA,NA,,NA,1.0245,NA,,3
1294,GU,1283,1195,1,NAT,NA,NA,NA,,0,1.6255,15,,3
1295,GU,1294,1195,0,NAT,NA,NA,NA,,6,0.2635,9,E13_32F,3
1296,GU,1294,1195,0,NAT,NA,NA,NA,,0,NA,5,,3
1297,GU,1296,1195,1,NAT,NA,NA,NA,,0,NA,12,,3
1298,GU,1297,1195,1,NAT,NA,NA,NA,,6,NA,9,E13_32J,3
1299,GU,1298,1195,0,NAT,NA,NA,NA,,16,NA,13,E13_32G,3
1300,GU,1299,1195,1,NAT,NA,NA,NA,,1,0.4035,15,E13_32G,3
1301,GU,1298,1195,0,NAT,NA,NA,NA,,10,NA,12,E13_32I,3
1302,GU,1301,1195,1,NAT,NA,NA,NA,,1,NA,15,E13_32I,3
1303,GU,1302,1195,1,NAT,NA,NA,NA,,12,0.361,16,E13_32H,3
1304,GU,1302,1195,0,NAT,NA,NA,NA,,5,0.229,8,E13_32H,3
1305,GU,1283,1195,0,NAT,NA,NA,NA,,0,NA,9,,3
1306,GU,1305,1195,1,NAT,NA,NA,NA,,0,NA,7,,3
1307,GU,1306,1195,1,NAT,NA,NA,NA,,4,NA,5,E13_32A,3
1308,GU,1307,1195,1,2020-09-12,1,1,32e,386,9,0.3605,8,E13_32A,3
1309,GU,1283,1195,0,NAT,NA,NA,NA,,0,NA,14,,3
1310,GU,1309,1195,1,NAT,NA,NA,NA,,0,0.973,6,,3
1311,GU,1309,1195,0,NAT,NA,NA,NA,,0,NA,7,,3
1312,GU,1311,1195,1,NAT,NA,NA,NA,,0,NA,11,,3
1313,GU,1312,1195,1,NAT,NA,NA,NA,,13,0.7885,14,E13_32C,3
1314,GU,1313,1195,0,NAT,NA,NA,NA,,9,NA,9,E13_32C,3
1315,GU,1314,1195,1,NAT,NA,NA,NA,,0,NA,13,E13_32B,3
1316,GU,1315,1195,0,2020-09-12,2,2,32c.32d,383,14,0.4775,16,E13_32B,3
1317,GU,1313,1195,0,NAT,NA,NA,NA,,3,0.2075,4,E13_32C,3
1318,GU,1309,1195,0,NAT,NA,NA,NA,,0,NA,10,,3
1319,GU,1318,1195,1,NAT,NA,NA,NA,,0,NA,14,,3
1320,GU,1319,1195,0,NAT,NA,NA,NA,,8,NA,5,E13_32E,3
1321,GU,1320,1195,1,NAT,NA,NA,NA,,1,NA,9,E13_32E,3
1322,GU,1321,1195,0,2020-09-12,1,1,32b,356,6,0.265,7,E13_32D,3
1323,GU,1321,1195,0,2020-09-12,2,2,32.32a,399.31,9,0.4005,13,E13_32D,3
1324,GU,1201,1195,1,NAT,NA,NA,NA,,0,NA,13,,3
1325,GU,1324,1195,1,NAT,NA,NA,NA,,0,NA,6,,3
1326,GU,1325,1195,1,NAT,NA,NA,NA,,0,NA,12,,3
1327,GU,1326,1195,1,NAT,NA,NA,NA,,0,2.182,23,,3
1328,GU,1327,1195,0,NAT,NA,NA,NA,,0,1.5665,18,,3
1329,branch,1327,1195,0,2020-09-12,5,5,35e.35f.35g.35h.35i,442.2,NA,1.7055,NA,,3
1330,GU,1325,1195,0,NAT,NA,NA,NA,,8,0.329,13,,3
1331,GU,1328,1195,1,NAT,NA,NA,NA,,0,NA,6,,3
1332,GU,1331,1195,1,NAT,NA,NA,NA,,0,NA,12,,3
1333,GU,1332,1195,1,NAT,NA,NA,NA,,0,NA,4,,3
1334,GU,1333,1195,1,NAT,NA,NA,NA,,0,NA,6,,3
1335,GU,1334,1195,1,NAT,NA,NA,NA,,0,NA,9,,3
1336,GU,1335,1195,1,NAT,NA,NA,NA,,0,NA,13,,3
1337,GU,1336,1195,1,NAT,NA,NA,NA,,0,NA,12,,3
1338,GU,1337,1195,1,NAT,NA,NA,NA,,0,NA,17,,3
1339,GU,1338,1195,1,NAT,NA,NA,NA,,0,NA,9,,3
1340,GU,1339,1195,1,NAT,NA,NA,NA,,3,NA,20,E13_35I,3
1341,GU,1340,1195,1,NAT,NA,NA,NA,,12,0.879,20,E13_35T,3
1342,GU,1341,1195,0,NAT,NA,NA,NA,,7,0.407,18,E13_35S,3
1343,GU,1341,1195,0,2020-09-12,1,1,35c,476,3,0.391,16,E13_35R,3
1344,GU,1341,1195,0,NAT,NA,NA,NA,,9,NA,21,E13_35R,3
1345,GU,1344,1195,1,NAT,NA,NA,NA,,14,0.435,15,E13_35R,3
1346,GU,1343,1195,0,NAT,NA,NA,NA,,3,NA,15,E13_35Q,3
1347,GU,1346,1195,1,NAT,NA,NA,NA,,10,0.362,15,E13_35Q,3
1348,GU,1340,1195,0,NAT,NA,NA,NA,,7,NA,14,E13_35T,3
1349,GU,1348,1195,1,NAT,NA,NA,NA,,13,NA,9,E13_35P,3
1350,GU,1349,1195,1,NAT,NA,NA,NA,,6,NA,19,E13_35P,3
1351,GU,1350,1195,1,2020-09-12,1,1,35.35a,401.39,18,0.439,23,E13_35O,3
1352,GU,1350,1195,0,NAT,NA,NA,NA,,5,0.2275,10,E13_35O,3
1353,GU,1350,1195,0,NAT,NA,NA,NA,,11,0.3475,19,E13_35O,3
1354,GU,1340,1195,0,NAT,NA,NA,NA,,10,NA,14,E13_35M,3
1355,GU,1354,1195,1,2020-09-12,1,1,35b,435,12,0.639,6,E13_35M,3
1356,GU,1355,1195,0,NAT,NA,NA,NA,,2,NA,9,E13_35L,3
1357,GU,1355,1195,1,NAT,NA,NA,NA,,4,0.2885,14,E13_35L,3
1358,GU,1339,1195,0,NAT,NA,NA,NA,,9,NA,11,E13_35K,3
1359,GU,1358,1195,1,NAT,NA,NA,NA,,2,0.208,9,E13_35K,3
1360,GU,1339,1195,0,NAT,NA,NA,NA,,6,NA,11,E13_35C,3
1361,GU,1360,1195,1,NAT,NA,NA,NA,,2,0.2875,12,E13_35C,3
1362,GU,1338,1195,0,NAT,NA,NA,NA,,0,NA,10,,3
1363,GU,1362,1195,1,NAT,NA,NA,NA,,12,NA,15,E13_35I,3
1364,GU,1363,1195,0,NAT,NA,NA,NA,,2,0.223,14,E13_35J,3
1365,GU,1363,1195,0,NAT,NA,NA,NA,,5,0.275,14,E13_35J,3
1366,GU,1363,1195,0,NAT,NA,NA,NA,,3,0.2345,15,E13_35J,3
1367,GU,1363,1195,0,NAT,NA,NA,NA,,3,0.248,12,E13_35J,3
1368,GU,1363,1195,0,NAT,NA,NA,NA,,3,0.2705,11,E13_35J,3
1369,GU,1338,1195,0,NAT,NA,NA,NA,,0,NA,9,,3
1370,GU,1369,1195,0,NAT,NA,NA,NA,,2,0.1265,2,E13_35G,3
1371,GU,1338,1195,0,NAT,NA,NA,NA,,0,NA,10,,3
1372,GU,1371,1195,1,NAT,NA,NA,NA,,16,NA,15,E13_35H,3
1373,GU,1372,1195,1,NAT,NA,NA,NA,,8,0.2775,2,E13_35H,3
1374,GU,1336,1195,0,NAT,NA,NA,NA,,0,NA,3,,3
1375,GU,1374,1195,1,NAT,NA,NA,NA,,0,NA,7,,3
1376,GU,1375,1195,1,NAT,NA,NA,NA,,4,NA,2,E13_35F,3
1377,GU,1376,1195,1,NAT,NA,NA,NA,,3,0.226,8,E13_35F,3
1378,GU,1335,1195,0,NAT,NA,NA,NA,,0,NA,8,,3
1379,GU,1378,1195,0,NAT,NA,NA,NA,,5,0.194,5,E13_35F,3
1380,GU,1334,1195,0,NAT,NA,NA,NA,,0,NA,10,,3
1381,GU,1380,1195,0,NAT,NA,NA,NA,,0,NA,3,,3
1382,GU,1381,1195,1,NAT,NA,NA,NA,,2,0.1765,4,E13_35D,3
1383,GU,1334,1195,0,NAT,NA,NA,NA,,0,NA,10,,3
1384,GU,1383,1195,0,NAT,NA,NA,NA,,0,NA,6,,3
1385,GU,1384,1195,0,NAT,NA,NA,NA,,3,0.172,4,E13_35E,3
1386,GU,1383,1195,0,NAT,NA,NA,NA,,0,NA,5,,3
1387,GU,1386,1195,1,NAT,NA,NA,NA,,0,NA,6,,3
1388,GU,1387,1195,1,NAT,NA,NA,NA,,10,0.2615,4,E13_35E,3
1389,GU,1332,1195,0,NAT,NA,NA,NA,,0,NA,5,,3
1390,GU,1389,1195,0,NAT,NA,NA,NA,,0,NA,10,,3
1391,GU,1390,1195,0,NAT,NA,NA,NA,,11,0.1655,6,E13_35B,3
1392,GU,1332,1195,0,NAT,NA,NA,NA,,0,NA,6,,3
1393,GU,1392,1195,1,NAT,NA,NA,NA,,0,NA,9,,3
1394,GU,1393,1195,1,NAT,NA,NA,NA,,0,NA,15,,3
1395,GU,1394,1195,0,NAT,NA,NA,NA,,0,NA,10,,3
1396,GU,1395,1195,1,NAT,NA,NA,NA,,0,NA,4,,3
1397,GU,1396,1195,1,NAT,NA,NA,NA,,4,NA,14,E13_35V,3
1398,GU,1397,1195,1,NAT,NA,NA,NA,,14,NA,14,E13_35V,3
1399,GU,1398,1195,0,NAT,NA,NA,NA,,5,0.32,17,E13_35X,3
1400,GU,1398,1195,0,NAT,NA,NA,NA,,4,0.3195,20,E13_35X,3
1401,GU,1398,1195,0,2020-09-12,1,1,35d,441,1,0.318,17,E13_35X,3
1402,GU,1398,1195,0,NAT,NA,NA,NA,,8,0.318,19,E13_35X,3
1403,GU,1398,1195,0,NAT,NA,NA,NA,,2,NA,18,E13_35X,3
1404,GU,1403,1195,0,NAT,NA,NA,NA,,3,0.259,5,E13_35X,3
1405,GU,1394,1195,0,NAT,NA,NA,NA,,0,NA,10,,3
1406,GU,1405,1195,0,NAT,NA,NA,NA,,0,NA,2,,3
1407,GU,1406,1195,1,NAT,NA,NA,NA,,2,NA,7,E13_35V,3
1408,GU,1407,1195,0,NAT,NA,NA,NA,,2,0.158,2,E13_35V,3
1409,GU,1405,1195,0,NAT,NA,NA,NA,,0,NA,5,,3
1410,GU,1409,1195,1,NAT,NA,NA,NA,,2,NA,13,E13_35V,3
1411,GU,1410,1195,1,NAT,NA,NA,NA,,11,NA,9,E13_35V,3
1412,GU,1411,1195,0,NAT,NA,NA,NA,,2,0.211,2,E13_35W,3
1413,GU,1411,1195,0,NAT,NA,NA,NA,,5,0.234,6,E13_35W,3
1414,GU,1411,1195,0,NAT,NA,NA,NA,,4,0.229,5,E13_35W,3
1415,GU,1393,1195,0,NAT,NA,NA,NA,,0,NA,12,,3
1416,GU,1415,1195,0,NAT,NA,NA,NA,,0,NA,6,,3
1417,GU,1416,1195,1,NAT,NA,NA,NA,,0,NA,6,,3
1418,GU,1417,1195,1,NAT,NA,NA,NA,,10,0.322,5,E13_35U,3
1419,GU,1331,1195,0,NAT,NA,NA,NA,,3,0.227,12,E13_35A,3
1420,GU,1202,1195,1,NAT,NA,NA,NA,,0,NA,22,,3
1421,GU,1420,1195,1,NAT,NA,NA,NA,,0,NA,19,,3
1422,GU,1421,1195,0,NAT,NA,NA,NA,,0,NA,10,,3
1423,GU,1422,1195,1,NAT,NA,NA,NA,,0,NA,12,,3
1424,GU,1423,1195,1,NAT,NA,NA,NA,,0,1.0085,16,,3
1425,GU,1424,1195,0,NAT,NA,NA,NA,,0,NA,3,,3
1426,GU,1425,1195,0,NAT,NA,NA,NA,,6,0.2385,8,E13_24D,3
1427,GU,1424,1195,0,NAT,NA,NA,NA,,1,0.1905,5,E13_24D,3
1428,GU,1425,1195,1,NAT,NA,NA,NA,,0,NA,4,,3
1429,GU,1428,1195,1,NAT,NA,NA,NA,,0,NA,8,,3
1430,GU,1429,1195,1,NAT,NA,NA,NA,,0,NA,5,,3
1431,GU,1430,1195,0,NAT,NA,NA,NA,,0,NA,6,,3
1432,GU,1431,1195,1,NAT,NA,NA,NA,,2,0.1755,2,E13_24F,3
1433,GU,1429,1195,0,NAT,NA,NA,NA,,7,0.224,6,E13_24F,3
1434,GU,1429,1195,0,NAT,NA,NA,NA,,3,NA,4,E13_24F,3
1435,GU,1434,1195,1,NAT,NA,NA,NA,,2,NA,7,E13_24F,3
1436,GU,1435,1195,1,NAT,NA,NA,NA,,8,0.1975,5,E13_24F,3
1437,GU,1421,1195,0,NAT,NA,NA,NA,,0,NA,14,,3
1438,GU,1437,1195,1,NAT,NA,NA,NA,,0,NA,8,,3
1439,GU,1438,1195,1,NAT,NA,NA,NA,,0,NA,6,,3
1440,GU,1439,1195,1,NAT,NA,NA,NA,,0,NA,14,,3
1441,GU,1440,1195,1,NAT,NA,NA,NA,,0,NA,22,,3
1442,GU,1441,1195,0,NAT,NA,NA,NA,,0,NA,14,,3
1443,GU,1442,1195,0,NAT,NA,NA,NA,,0,NA,7,,3
1444,GU,1443,1195,0,NAT,NA,NA,NA,,7,0.2155,7,E13_24I,3
1445,GU,1442,1195,0,NAT,NA,NA,NA,,0,NA,9,,3
1446,GU,1445,1195,0,NAT,NA,NA,NA,,7,0.2015,7,E13_24I,3
1447,GU,1445,1195,0,NAT,NA,NA,NA,,5,0.18,6,E13_24I,3
1448,GU,1442,1195,0,NAT,NA,NA,NA,,0,NA,8,,3
1449,GU,1448,1195,0,2020-09-12,1,1,24a,610,8,0.272,5,E13_24H,3
1450,GU,1441,1195,0,NAT,NA,NA,NA,,0,NA,11,,3
1451,GU,1450,1195,1,NAT,NA,NA,NA,,0,0.6025,10,E13_24I,3
1452,GU,1451,1195,0,NAT,NA,NA,NA,,0,NA,5,,3
1453,GU,1452,1195,1,NAT,NA,NA,NA,,0,NA,5,,3
1454,GU,1453,1195,1,NAT,NA,NA,NA,,4,NA,6,E13_24I,3
1455,GU,1454,1195,0,NAT,NA,NA,NA,,3,0.2215,2,E13_24I,3
1456,GU,1454,1195,0,NAT,NA,NA,NA,,2,0.202,1,E13_24I,3
1457,GU,1441,1195,0,NAT,NA,NA,NA,,0,NA,15,,3
1458,GU,1457,1195,1,NAT,NA,NA,NA,,0,0.68,11,,3
1459,GU,1458,1195,1,NAT,NA,NA,NA,,4,NA,12,E13_24L,3
1460,GU,1458,1195,0,NAT,NA,NA,NA,,0,NA,6,,3
1461,GU,1460,1195,1,NAT,NA,NA,NA,,12,NA,13,E13_24L,3
1462,GU,1461,1195,1,NAT,NA,NA,NA,,13,0.3255,10,E13_24L,3
1463,GU,1457,1195,0,NAT,NA,NA,NA,,0,NA,10,,3
1464,GU,1463,1195,1,NAT,NA,NA,NA,,4,0.2075,5,E13_24L,3
1465,GU,1463,1195,0,NAT,NA,NA,NA,,0,NA,5,,3
1466,GU,1465,1195,1,NAT,NA,NA,NA,,11,NA,11,E13_24L,3
1467,GU,1466,1195,1,NAT,NA,NA,NA,,11,0.2875,8,E13_24L,3
1468,GU,1423,1195,0,NAT,NA,NA,NA,,2,0.1635,4,E13_24D,3
1469,GU,1440,1195,0,NAT,NA,NA,NA,,0,NA,15,,3
1470,GU,1469,1195,0,NAT,NA,NA,NA,,0,NA,8,,3
1471,GU,1470,1195,0,NAT,NA,NA,NA,,1,NA,2,,3
1472,GU,1471,1195,1,NAT,NA,NA,NA,,1,0.148,2,E13_24F,3
1473,GU,1469,1195,0,NAT,NA,NA,NA,,0,NA,9,,3
1474,GU,1473,1195,0,NAT,NA,NA,NA,,0,NA,3,,3
1475,GU,1474,1195,0,NAT,NA,NA,NA,,6,NA,4,E13_24G,3
1476,GU,1475,1195,1,NAT,NA,NA,NA,,2,0.1955,2,E13_24G,3
1477,GU,1469,1195,0,NAT,NA,NA,NA,,0,NA,8,,3
1478,GU,1477,1195,1,NAT,NA,NA,NA,,1,NA,3,E13_24G,3
1479,GU,1478,1195,1,2020-09-12,1,1,24,374.01,8,0.2475,5,E13_24G,3
1480,GU,1420,1195,0,NAT,NA,NA,NA,,0,NA,13,,3
1481,GU,1480,1195,0,NAT,NA,NA,NA,,0,NA,14,,3
1482,GU,1481,1195,0,NAT,NA,NA,NA,,6,NA,9,E13_24B,3
1483,GU,1482,1195,1,NAT,NA,NA,NA,,9,0.242,9,E13_24B,3
1484,GU,1481,1195,0,NAT,NA,NA,NA,,0,NA,7,,3
1485,GU,1484,1195,1,NAT,NA,NA,NA,,0,NA,5,,3
1486,GU,1485,1195,1,NAT,NA,NA,NA,,0,NA,5,,3
1487,GU,1486,1195,1,NAT,NA,NA,NA,,0,NA,8,,3
1488,GU,1487,1195,1,NAT,NA,NA,NA,,0,NA,14,,3
1489,GU,1488,1195,0,NAT,NA,NA,NA,,0,NA,10,,3
1490,GU,1489,1195,0,NAT,NA,NA,NA,,6,NA,5,E13_24C,3
1491,GU,1490,1195,1,NAT,NA,NA,NA,,3,0.157,2,E13_24C,3
1492,GU,1488,1195,0,NAT,NA,NA,NA,,0,NA,12,,3
1493,GU,1492,1195,0,NAT,NA,NA,NA,,7,0.1515,4,E13_24C,3
1494,GU,1488,1195,0,NAT,NA,NA,NA,,0,NA,12,,3
1495,GU,1494,1195,0,NAT,NA,NA,NA,,0,NA,3,,3
1496,GU,1495,1195,1,NAT,NA,NA,NA,,7,0.19,4,E13_24C,3
1497,GU,1480,1195,0,NAT,NA,NA,NA,,0,NA,9,,3
1498,GU,1497,1195,0,NAT,NA,NA,NA,,6,NA,7,E13_24A,3
1499,GU,1498,1195,1,NAT,NA,NA,NA,,5,NA,6,E13_24A,3
1500,GU,1499,1195,1,2020-09-12,1,1,24b,287,9,0.2885,7,E13_24A,3
1501,GU,1202,1195,0,NAT,NA,NA,NA,,0,1.674,8,,3
1502,GU,1202,1195,0,NAT,NA,NA,NA,,0,1.496,11,,3
1503,GU,1502,1195,1,NAT,NA,NA,NA,,0,NA,11,,3
1504,branch,1503,1195,0,2020-09-12,1,1,NA,,NA,0.7045,NA,,3
1505,branch,1503,1195,0,NAT,NA,NA,NA,,NA,0.8825,NA,,3
1506,multiple_GU,1503,1195,1,NAT,NA,NA,NA,,0,1.277,70,,3
1507,GU,1506,1195,0,NAT,NA,NA,NA,,1,0.2675,12,,3
1508,branch_empty,1506,1195,0,NAT,NA,NA,NA,,0,0.3295,NA,,3
1509,GU,1506,1195,0,NAT,NA,NA,NA,,7,0.27,10,,3
1510,GU,1506,1195,0,NAT,NA,NA,NA,,7,0.226,11,,3
1511,GU,1506,1195,0,NAT,NA,NA,NA,,9,0.2615,12,,3
1512,GU,1506,1195,0,NAT,NA,NA,NA,,11,0.343,10,,3
1513,branch,1506,1195,0,NAT,NA,NA,NA,,NA,0.5895,NA,,3
1514,branch_empty,1503,1195,0,NAT,NA,NA,NA,,0,1.025,NA,,3
1515,GU,1501,1195,1,NAT,NA,NA,NA,,0,NA,12,,3
1516,GU,1515,1195,0,NAT,NA,NA,NA,,0,NA,17,,3
1517,GU,1516,1195,1,NAT,NA,NA,NA,,0,NA,15,,3
1518,GU,1517,1195,1,NAT,NA,NA,NA,,0,1.075,17,E13_27A,3
1519,GU,1518,1195,0,NAT,NA,NA,NA,,12,0.2865,12,E13_27A,3
1520,GU,1518,1195,0,NAT,NA,NA,NA,,7,0.3165,13,E13_27B,3
1521,GU,1518,1195,0,NAT,NA,NA,NA,,9,0.24,11,E13_27B,3
1522,GU,1518,1195,0,NAT,NA,NA,NA,,3,0.31,3,E13_27B,3
1523,GU,1517,1195,0,NAT,NA,NA,NA,,5,0.176,6,E13_27C,3
1524,GU,1515,1195,0,NAT,NA,NA,NA,,0,NA,13,,3
1525,GU,1524,1195,1,NAT,NA,NA,NA,,0,NA,12,,3
1526,GU,1525,1195,1,NAT,NA,NA,NA,,0,NA,8,,3
1527,GU,1526,1195,1,NAT,NA,NA,NA,,0,NA,16,,3
1528,GU,1527,1195,1,NAT,NA,NA,NA,,0,0.882,23,,3
1529,GU,1528,1195,0,NAT,NA,NA,NA,,6,0.2225,9,E13_28G,3
1530,GU,1528,1195,0,NAT,NA,NA,NA,,8,0.224,9,E13_28G,3
1531,GU,1528,1195,0,NAT,NA,NA,NA,,0,NA,9,,3
1532,GU,1531,1195,1,NAT,NA,NA,NA,,1,NA,6,E13_28H,3
1533,GU,1532,1195,1,NAT,NA,NA,NA,,10,0.3205,10,E13_28H,3
1534,GU,1531,1195,0,NAT,NA,NA,NA,,0,NA,9,,3
1535,GU,1534,1195,1,NAT,NA,NA,NA,,1,NA,5,E13_28I,3
1536,GU,1535,1195,1,NAT,NA,NA,NA,,2,NA,4,E13_28I,3
1537,GU,1536,1195,1,NAT,NA,NA,NA,,12,NA,13,E13_28I,3
1538,GU,1537,1195,1,2020-09-12,1,1,28,434.18,13,0.3755,12,E13_28I,3
1539,GU,1527,1195,0,NAT,NA,NA,NA,,0,NA,13,,3
1540,GU,1539,1195,0,NAT,NA,NA,NA,,7,0.163,5,E13_28A,3
1541,GU,1527,1195,0,NAT,NA,NA,NA,,0,NA,19,,3
1542,GU,1541,1195,0,NAT,NA,NA,NA,,1,NA,7,E13_28B,3
1543,GU,1542,1195,1,NAT,NA,NA,NA,,14,0.283,9,E13_28B,3
1544,GU,1527,1195,0,NAT,NA,NA,NA,,0,NA,19,,3
1545,GU,1544,1195,0,NAT,NA,NA,NA,,0,NA,16,,3
1546,GU,1545,1195,0,NAT,NA,NA,NA,,0,NA,4,,3
1547,GU,1546,1195,1,NAT,NA,NA,NA,,5,0.179,3,E13_28C,3
1548,GU,1544,1195,0,NAT,NA,NA,NA,,0,NA,15,,3
1549,GU,1548,1195,0,NAT,NA,NA,NA,,0,NA,6,,3
1550,GU,1549,1195,1,NAT,NA,NA,NA,,0,NA,4,,3
1551,GU,1550,1195,1,NAT,NA,NA,NA,,10,NA,10,E13_28D,3
1552,GU,1551,1195,1,NAT,NA,NA,NA,,10,0.2665,7,E13_28D,3
1553,GU,1544,1195,0,NAT,NA,NA,NA,,0,NA,11,,3
1554,GU,1553,1195,0,NAT,NA,NA,NA,,0,NA,4,,3
1555,GU,1554,1195,0,NAT,NA,NA,NA,,3,0.1425,3,E13_28E,3
1556,GU,1554,1195,0,NAT,NA,NA,NA,,2,0.138,3,E13_28E,3
1557,GU,1544,1195,0,NAT,NA,NA,NA,,0,NA,17,,3
1558,GU,1557,1195,0,NAT,NA,NA,NA,,0,NA,8,,3
1559,GU,1558,1195,0,NAT,NA,NA,NA,,1,NA,5,E13_28F,3
1560,GU,1559,1195,1,NAT,NA,NA,NA,,9,NA,12,E13_28F,3
1561,GU,1560,1195,1,NAT,NA,NA,NA,,8,0.254,5,E13_28F,3
1562,GU,1526,1195,0,NAT,NA,NA,NA,,0,NA,10,,3
1563,GU,1562,1195,1,NAT,NA,NA,NA,,0,NA,28,,3
1564,GU,1563,1195,0,NAT,NA,NA,NA,,0,NA,14,,3
1565,GU,1564,1195,0,NAT,NA,NA,NA,,2,NA,4,E13_27E,3
1566,GU,1565,1195,1,NAT,NA,NA,NA,,2,0.1295,2,E13_27E,3
1567,GU,1563,1195,0,NAT,NA,NA,NA,,0,NA,13,,3
1568,GU,1567,1195,0,NAT,NA,NA,NA,,0,NA,6,,3
1569,GU,1568,1195,0,NAT,NA,NA,NA,,4,NA,7,E13_27F,3
1570,GU,1569,1195,1,NAT,NA,NA,NA,,3,NA,5,E13_27F,3
1571,GU,1570,1195,1,NAT,NA,NA,NA,,9,0.239,9,E13_27F,3
1572,GU,1567,1195,0,NAT,NA,NA,NA,,0,NA,10,,3
1573,GU,1572,1195,0,NAT,NA,NA,NA,,2,NA,6,E13_27H,3
1574,GU,1573,1195,1,NAT,NA,NA,NA,,3,0.1505,3,E13_27H,3
1575,GU,1572,1195,0,NAT,NA,NA,NA,,0,NA,8,,3
1576,GU,1575,1195,1,NAT,NA,NA,NA,,13,NA,11,E13_27H,3
1577,GU,1576,1195,1,2020-09-12,1,1,27,478.27,12,0.401,10,E13_27G,3
1578,GU,1562,1195,0,NAT,NA,NA,NA,,1,0.1745,4,E13_27D,3
1579,GU,1562,1195,0,NAT,NA,NA,NA,,0,NA,16,,3
1580,GU,1579,1195,0,NAT,NA,NA,NA,,0,NA,16,,3
1581,GU,1580,1195,0,NAT,NA,NA,NA,,6,0.182,4,E13_27D,3
1582,GU,1580,1195,0,NAT,NA,NA,NA,,2,0.15,2,E13_27D,3
1583,GU,1526,1195,0,NAT,NA,NA,NA,,0,NA,9,,3
1584,GU,1583,1195,0,NAT,NA,NA,NA,,7,0.2215,7,E13_28A,3
1585,scaffold,0,1585,0,NAT,NA,NA,NA,,0,3.34,41,,3
1586,scaffold,1585,1586,1,NAT,NA,NA,NA,,0,2.89,78,,3
1587,GU,1586,1586,0,NAT,NA,NA,NA,,0,1.974,13,,3
1588,branch,1586,1586,0,NAT,NA,NA,NA,,NA,1.5565,NA,,3
1589,GU,1587,1586,1,NAT,NA,NA,NA,,0,NA,17,,3
1590,GU,1589,1586,1,NAT,NA,NA,NA,,0,NA,23,,3
1591,GU,1590,1586,1,NAT,NA,NA,NA,,0,NA,10,,3
1592,GU,1591,1586,1,NAT,NA,NA,NA,,0,NA,10,,3
1593,GU,1592,1586,1,NAT,NA,NA,NA,,0,NA,8,,3
1594,GU,1593,1586,1,NAT,NA,NA,NA,,0,NA,8,,3
1595,GU,1594,1586,1,NAT,NA,NA,NA,,0,NA,15,,3
1596,GU,1595,1586,1,NAT,NA,NA,NA,,0,NA,20,,3
1597,GU,1596,1586,0,NAT,NA,NA,NA,,0,1.067,19,,3
1598,GU,1597,1586,0,NAT,NA,NA,NA,,6,0.223,10,E13_33I,3
1599,GU,1597,1586,0,NAT,NA,NA,NA,,0,NA,17,,3
1600,GU,1599,1586,0,NAT,NA,NA,NA,,5,NA,3,E13_33J,3
1601,GU,1600,1586,1,NAT,NA,NA,NA,,6,0.2185,5,E13_33J,3
1602,GU,1599,1586,0,NAT,NA,NA,NA,,5,NA,3,E13_33J,3
1603,GU,1602,1586,1,NAT,NA,NA,NA,,7,0.1975,6,E13_33J,3
1604,GU,1596,1586,0,NAT,NA,NA,NA,,0,NA,15,,3
1605,GU,1604,1586,0,NAT,NA,NA,NA,,0,NA,7,,3
1606,GU,1605,1586,0,NAT,NA,NA,NA,,0,NA,2,,3
1607,GU,1606,1586,1,NAT,NA,NA,NA,,5,NA,2,E13_33O,3
1608,GU,1607,1586,1,NAT,NA,NA,NA,,6,0.185,2,E13_33O,3
1609,GU,1596,1586,0,NAT,NA,NA,NA,,0,NA,19,,3
1610,GU,1609,1586,0,NAT,NA,NA,NA,,0,NA,9,,3
1611,GU,1610,1586,0,NAT,NA,NA,NA,,4,NA,3,E13_33K,3
1612,GU,1611,1586,1,NAT,NA,NA,NA,,8,0.201,4,E13_33K,3
1613,GU,1596,1586,0,NAT,NA,NA,NA,,0,NA,15,,3
1614,GU,1613,1586,1,NAT,NA,NA,NA,,0,NA,7,,3
1615,GU,1614,1586,1,NAT,NA,NA,NA,,0,NA,4,,3
1616,GU,1615,1586,1,NAT,NA,NA,NA,,8,0.2455,6,E13_33L,3
1617,GU,1596,1586,0,NAT,NA,NA,NA,,1,NA,14,E13_33M,3
1618,GU,1617,1586,0,NAT,NA,NA,NA,,7,0.1855,7,E13_33M,3
1619,GU,1617,1586,0,NAT,NA,NA,NA,,0,NA,3,,3
1620,GU,1619,1586,1,NAT,NA,NA,NA,,6,1.85,4,E13_33M,3
1621,GU,1596,1586,0,NAT,NA,NA,NA,,0,NA,11,,3
1622,GU,1621,1586,0,NAT,NA,NA,NA,,0,NA,5,,3
1623,GU,1621,1586,0,NAT,NA,NA,NA,,6,1.75,7,E13_33N,3
1624,GU,1622,1586,1,NAT,NA,NA,NA,,0,NA,5,,3
1625,GU,1624,1586,1,NAT,NA,NA,NA,,11,0.2675,10,E13_33N,3
1626,GU,1596,1586,0,NAT,NA,NA,NA,,0,0.829,15,,3
1627,GU,1626,1586,1,NAT,NA,NA,NA,,0,NA,15,,3
1628,GU,1627,1586,0,NAT,NA,NA,NA,,5,0.221,11,E13_33P,3
1629,GU,1627,1586,0,NAT,NA,NA,NA,,0,NA,4,,3
1630,GU,1629,1586,1,NAT,NA,NA,NA,,5,NA,7,E13_33T,3
1631,GU,1630,1586,1,2020-09-12,1,1,33,558.74,7,0.095,12,E13_33R,3
1632,GU,1627,1586,0,NAT,NA,NA,NA,,1,NA,4,E13_33T,3
1633,GU,1632,1586,1,NAT,NA,NA,NA,,7,NA,12,E13_33T,3
1634,GU,1633,1586,1,NAT,NA,NA,NA,,12,0.428,14,E13_33S,3
1635,GU,1626,1586,0,NAT,NA,NA,NA,,0,NA,7,,3
1636,GU,1635,1586,0,NAT,NA,NA,NA,,7,0.222,11,E13_33P,3
1637,GU,1626,1586,0,NAT,NA,NA,NA,,0,NA,13,,3
1638,GU,1637,1586,0,NAT,NA,NA,NA,,1,0.178,8,E13_33Q,3
1639,GU,1637,1586,0,NAT,NA,NA,NA,,0,NA,6,,3
1640,GU,1639,1586,1,NAT,NA,NA,NA,,3,NA,4,E13_33Q,3
1641,GU,1640,1586,1,NAT,NA,NA,NA,,12,NA,10,E13_33Q,3
1642,GU,1641,1586,1,NAT,NA,NA,NA,,2,0.307,7,E13_33Q,3
1643,GU,1594,1586,0,NAT,NA,NA,NA,,0,NA,8,,3
1644,GU,1643,1586,0,NAT,NA,NA,NA,,0,NA,5,,3
1645,GU,1644,1586,1,NAT,NA,NA,NA,,3,NA,5,E13_33D,3
1646,GU,1645,1586,1,NAT,NA,NA,NA,,6,0.1655,4,E13_33D,3
1647,GU,1643,1586,0,NAT,NA,NA,NA,,1,0.1165,3,E13_33D,3
1648,GU,1594,1586,0,NAT,NA,NA,NA,,0,NA,12,,3
1649,GU,1648,1586,1,NAT,NA,NA,NA,,0,NA,18,,3
1650,GU,1649,1586,1,NAT,NA,NA,NA,,0,NA,14,,3
1651,GU,1650,1586,0,NAT,NA,NA,NA,,8,0.1675,7,E13_33H,3
1652,GU,1650,1586,0,NAT,NA,NA,NA,,0,NA,7,,3
1653,GU,1652,1586,1,NAT,NA,NA,NA,,13,0.242,6,E13_33H,3
1654,GU,1591,1586,0,NAT,NA,NA,NA,,1,NA,9,E13_33F,3
1655,GU,1654,1586,1,NAT,NA,NA,NA,,1,0.918,7,E13_33F,3
1656,GU,1655,1586,0,NAT,NA,NA,NA,,6,0.1795,6,E13_33F,3
1657,GU,1655,1586,0,NAT,NA,NA,NA,,8,0.213,10,E13_33F,3
1658,GU,1654,1586,0,NAT,NA,NA,NA,,8,0.219,11,E13_33G,3
1659,GU,1654,1586,0,NAT,NA,NA,NA,,4,0.1675,7,E13_33G,3
1660,GU,1654,1586,0,NAT,NA,NA,NA,,7,0.186,8,E13_33G,3
1661,GU,1654,1586,0,NAT,NA,NA,NA,,5,0.1495,7,E13_33G,3
1662,GU,1589,1586,0,NAT,NA,NA,NA,,0,NA,20,,3
1663,GU,1662,1586,1,NAT,NA,NA,NA,,0,0.8995,10,,3
1664,GU,1663,1586,0,NAT,NA,NA,NA,,9,0.2045,9,E13_33B,3
1665,GU,1662,1586,0,NAT,NA,NA,NA,,9,0.2485,11,E13_33B,3
1666,GU,1662,1586,0,NAT,NA,NA,NA,,0,NA,NA,,3
1667,GU,1666,1586,1,NAT,NA,NA,NA,,0,NA,10,,3
1668,GU,1667,1586,1,NAT,NA,NA,NA,,0,NA,19,,3
1669,GU,1668,1586,1,NAT,NA,NA,NA,,0,NA,19,,3
1670,GU,1669,1586,1,NAT,NA,NA,NA,,0,NA,5,,3
1671,GU,1670,1586,1,NAT,NA,NA,NA,,0,NA,6,,3
1672,GU,1671,1586,1,NAT,NA,NA,NA,,0,NA,4,,3
1673,GU,1672,1586,1,NAT,NA,NA,NA,,6,NA,3,E13_33E,3
1674,GU,1673,1586,1,NAT,NA,NA,NA,,13,NA,13,E13_33E,3
1675,GU,1674,1586,1,NAT,NA,NA,NA,,6,0.2375,8,E13_33E,3
1676,GU,1668,1586,0,NAT,NA,NA,NA,,0,NA,4,,3
1677,GU,1676,1586,1,NAT,NA,NA,NA,,0,NA,3,,3
1678,GU,1677,1586,1,NAT,NA,NA,NA,,0,NA,5,,3
1679,GU,1678,1586,0,NAT,NA,NA,NA,,4,0.179,4,E13_33D,3
1680,GU,1676,1586,0,NAT,NA,NA,NA,,1,0.156,3,E13_33D,3
1681,GU,1666,1586,0,NAT,NA,NA,NA,,0,NA,11,,3
1682,GU,1681,1586,1,NAT,NA,NA,NA,,0,NA,4,,3
1683,GU,1682,1586,0,NAT,NA,NA,NA,,0,NA,5,,3
1684,GU,1683,1586,1,NAT,NA,NA,NA,,0,NA,5,,3
1685,GU,1684,1586,0,NAT,NA,NA,NA,,6,0.1795,4,E13_33C,3
1686,scaffold,0,1686,0,NAT,NA,NA,NA,,0,3.34,25,,3
1687,scaffold,1686,1687,1,NAT,NA,NA,NA,,1,3.07,82,,3
1688,GU,1687,1686,1,NAT,NA,NA,NA,,0,2.18,10,,3
1689,scaffold,920,1689,0,NAT,NA,NA,NA,,0,4.4565,90,,3
1690,multiple_GU,1689,1689,1,NAT,NA,NA,NA,,0,3.6375,30,,3
1691,branch_empty,1689,1689,0,NAT,NA,NA,NA,,0,1.85,NA,,NA
1692,branch_empty,1690,1689,0,NAT,NA,NA,NA,,0,1.7,NA,,NA
1693,multiple_GU,1116,1116,0,NAT,NA,NA,NA,,0,5.15,37,,3
1694,branch_empty,1693,1116,0,NAT,NA,NA,NA,,0,2.8,NA,,3
1695,multiple_GU,1693,1116,0,NAT,NA,NA,NA,,0,3.75,19,,NA
1696,branch_empty,1695,1116,0,NAT,NA,NA,NA,,0,1.4,NA,,NA
1697,GU,1695,1116,0,NAT,NA,NA,NA,,0,2.75,11,,NA
