id,type,parent_id,topology__is_apical,arch_dev__pot_flowering_date,arch_dev__pot_nb_inflo,arch_dev__pot_nb_fruit,growth__nb_leaf,growth__radius_gu,appearance__final_length_gu,environment_id,light_interception__sunlit_fraction_col
0,trunk,NA,NA,NAT,NA,NA,0,14.3,,NA,3
1,scaffold,0,0,NAT,NA,NA,0,6.21,,NA,3
2,scaffold,1,1,NAT,NA,NA,0,5.9,,NA,3
3,GU,2,0,NAT,NA,NA,0,2.1085,,NA,3
4,multiple_GU,2,1,NaT,NA,NA,0,4.6,,NA,3
5,multiple_GU,4,0,NaT,NA,NA,0,3.35,,NA,3
6,branch_empty,4,0,NaT,NA,NA,0,2.9,,NA,3
7,branch_empty,4,0,NaT,NA,NA,0,2.9,,NA,3
8,GU,5,0,NAT,NA,NA,0,2.613,,NA,3
9,branch_empty,5,0,NAT,NA,NA,0,NA,NA,NA,3
10,GU,8,1,NAT,NA,NA,0,2.6,22,NA,3
11,branch_empty,8,0,NAT,NA,NA,0,0.85,NA,NA,3
12,branch_empty,10,0,NAT,NA,NA,0,1.75,NA,NA,3
13,GU,10,0,NAT,NA,NA,0,1.7705,18,NA,3
14,GU,13,1,NAT,NA,NA,0,NA,20,NA,3
15,GU,14,1,NAT,NA,NA,0,NA,7,NA,3
16,GU,15,1,NAT,NA,NA,0,NA,10,NA,3
17,GU,16,1,NAT,NA,NA,0,1.4385,15,NA,3
18,GU,17,0,NAT,NA,NA,0,0.7885,18,NA,3
19,GU,17,0,NAT,NA,NA,0,1.186,15,NA,3
20,GU,17,0,NAT,NA,NA,0,NA,12,NA,3
21,GU,20,0,NAT,NA,NA,7,0.1665,10,G3_02F,3
22,GU,20,0,NAT,NA,NA,8,0.164,9,G3_02F,3
23,GU,20,0,NAT,NA,NA,6,0.1985,10,G3_02F,3
24,GU,17,0,NAT,NA,NA,0,NA,10,NA,3
25,GU,24,0,NAT,NA,NA,8,0.2075,9,G3_02F,3
26,GU,24,0,NAT,NA,NA,5,0.1415,6,G3_02F,3
27,GU,17,0,NAT,NA,NA,0,NA,15,NA,3
28,GU,27,0,NAT,NA,NA,5,NA,9,G3_02G,3
29,GU,28,1,NAT,NA,NA,3,NA,12,G3_02G,3
30,GU,29,1,NAT,NA,NA,8,0.2005,10,G3_02G,3
31,GU,27,0,NAT,NA,NA,0,NA,5,NA,3
32,GU,31,1,NAT,NA,NA,12,NA,9,G3_02G,3
33,GU,32,1,NAT,NA,NA,12,NA,16,G3_02G,3
34,GU,33,1,NAT,NA,NA,15,0.312,18,G3_02G,3
35,GU,15,0,NAT,NA,NA,0,NA,8,NA,3
36,GU,35,0,NAT,NA,NA,0,NA,6,NA,3
37,GU,36,1,NAT,NA,NA,5,0.135,4,G3_02H,3
38,GU,14,0,NAT,NA,NA,0,NA,8,NA,3
39,GU,38,1,NAT,NA,NA,0,NA,8,NA,3
40,GU,39,0,NAT,NA,NA,4,0.1425,3,G3_02H,3
41,GU,39,0,NAT,NA,NA,4,0.166,4,G3_02H,3
42,GU,14,0,NAT,NA,NA,0,NA,10,NA,3
43,GU,42,1,NAT,NA,NA,0,NA,7,NA,3
44,GU,43,1,NAT,NA,NA,5,NA,3,G3_02H,3
45,GU,44,1,NAT,NA,NA,9,0.266,8,G3_02H,3
46,GU,18,0,NAT,NA,NA,0,NA,6,NA,3
47,GU,46,1,NAT,NA,NA,14,NA,17,G3_02E,3
48,GU,47,1,NAT,NA,NA,15,0.2725,15,G3_02E,3
49,GU,46,0,NAT,NA,NA,2,0.128,7,G3_02E,3
50,GU,46,0,NAT,NA,NA,5,0.1515,9,G3_02E,3
51,GU,18,0,NAT,NA,NA,0,0.7135,9,NA,3
52,GU,51,1,NAT,NA,NA,3,NA,17,G3_02D,3
53,GU,52,1,NAT,NA,NA,17,NA,22,G3_02D,3
54,GU,53,1,NAT,NA,NA,16,0.2785,13,G3_02D,3
55,GU,52,0,NAT,NA,NA,11,0.2185,16,G3_02D,3
56,GU,52,0,NAT,NA,NA,9,0.2245,15,G3_02D,3
57,GU,51,0,NAT,NA,NA,0,NA,17,NA,3
58,GU,57,1,2020-09-12,2,2,18,0.394,23,G3_02A,3
59,GU,51,0,NAT,NA,NA,2,NA,12,G3_02C,3
60,GU,59,1,NAT,NA,NA,15,0.2935,19,G3_02C,3
61,GU,51,0,NAT,NA,NA,9,NA,15,G3_02B,3
62,GU,61,1,NAT,NA,NA,16,0.2845,18,G3_02B,3
63,GU,19,0,NAT,NA,NA,3,0.8505,17,G3_03E,3
64,GU,63,1,NAT,NA,NA,0,NA,6,NA,3
65,GU,64,1,NAT,NA,NA,9,NA,18,G3_03B,3
66,GU,65,0,NAT,NA,NA,11,0.3065,24,G3_03A,3
67,GU,65,0,NAT,NA,NA,11,0.2245,18,G3_03A,3
68,GU,65,0,NAT,NA,NA,18,0.3725,30,G3_03A,3
69,GU,65,0,2020-09-12,2,2,7,0.3075,20,G3_03A,3
70,GU,65,0,NAT,NA,NA,10,0.279,22,G3_03A,3
71,GU,65,0,2020-09-12,1,1,10,0.341,25,G3_03A,3
72,GU,64,0,NAT,NA,NA,1,NA,7,G3_03B,3
73,GU,72,1,NAT,NA,NA,6,0.2025,12,G3_03B,3
74,GU,64,0,NAT,NA,NA,1,NA,8,G3_03B,3
75,GU,74,1,NAT,NA,NA,8,0.21,11,G3_03B,3
76,GU,64,0,NAT,NA,NA,2,NA,13,G3_03C,3
77,GU,76,0,NAT,NA,NA,10,0.206,16,G3_03C,3
78,GU,76,0,NAT,NA,NA,12,0.2985,21,G3_03C,3
79,GU,76,0,NAT,NA,NA,8,0.1835,13,G3_03C,3
80,GU,63,0,NAT,NA,NA,5,0.1725,12,G3_03C,3
81,GU,19,0,NAT,NA,NA,2,0.8545,15,G3_03E,3
82,GU,81,0,NAT,NA,NA,4,NA,10,G3_03E,3
83,GU,82,1,NAT,NA,NA,9,0.229,15,G3_03E,3
84,GU,81,0,NAT,NA,NA,11,NA,16,G3_03F,3
85,GU,84,1,NAT,NA,NA,18,0.3675,22,G3_03F,3
86,GU,81,0,NAT,NA,NA,0,NA,6,G3_03D,3
87,GU,86,1,NAT,NA,NA,9,NA,17,G3_03D,3
88,GU,87,1,NAT,NA,NA,13,NA,27,G3_03D,3
89,GU,88,1,NAT,NA,NA,0,0.344,15,G3_03D,3
90,GU,86,0,NAT,NA,NA,13,NA,23,G3_03D,3
91,GU,90,1,NAT,NA,NA,4,0.2915,12,G3_03D,3
92,GU,86,0,NAT,NA,NA,10,NA,25,G3_03D,3
93,GU,92,1,NAT,NA,NA,14,0.309,13,G3_03D,3
94,GU,86,0,NAT,NA,NA,12,NA,20,G3_03D,3
95,GU,94,1,NAT,NA,NA,12,0.214,8,G3_03D,3
96,GU,86,0,NAT,NA,NA,10,NA,22,G3_03D,3
97,GU,96,1,NAT,NA,NA,2,0.272,9,G3_03D,3
98,GU,86,0,NAT,NA,NA,12,NA,20,G3_03D,3
99,GU,98,1,NAT,NA,NA,12,0.213,8,G3_03D,3
100,GU,3,1,NAT,NA,NA,0,NA,18,NA,3
101,GU,100,1,NAT,NA,NA,0,NA,13,NA,3
102,GU,101,1,NAT,NA,NA,0,NA,28,NA,3
103,GU,102,1,NAT,NA,NA,0,NA,6,NA,3
104,GU,103,1,NAT,NA,NA,0,NA,14,NA,3
105,GU,104,1,NAT,NA,NA,0,NA,17,NA,3
106,GU,105,1,NAT,NA,NA,0,NA,6,NA,3
107,GU,106,1,NAT,NA,NA,0,NA,4,NA,3
108,GU,107,1,NAT,NA,NA,0,NA,8,NA,3
109,GU,108,1,NAT,NA,NA,0,NA,18,NA,3
110,GU,109,1,NAT,NA,NA,2,1.207,9,NA,3
111,GU,104,0,NAT,NA,NA,0,NA,9,NA,3
112,GU,111,1,NAT,NA,NA,0,NA,3,NA,3
113,GU,112,1,NAT,NA,NA,0,0.7565,9,NA,3
114,GU,113,0,NAT,NA,NA,6,0.2365,15,G3_01J,3
115,GU,112,0,NAT,NA,NA,7,0.2565,16,G3_01J,3
116,GU,111,0,NAT,NA,NA,3,0.223,12,G3_01J,3
117,GU,102,0,NAT,NA,NA,7,0.265,12,G3_01K,3
118,GU,100,0,NAT,NA,NA,10,0.233,9,G3_01L,3
119,GU,3,0,NAT,NA,NA,11,0.385,18,G3_01L,3
120,GU,3,0,NAT,NA,NA,1,0.22,8,G3_01L,3
121,GU,110,1,NAT,NA,NA,0,1.0485,20,NA,3
122,GU,121,0,NAT,NA,NA,0,NA,14,NA,3
123,GU,122,0,NAT,NA,NA,5,0.1615,6,G3_01C,3
124,GU,122,0,NAT,NA,NA,8,NA,8,G3_01C,3
125,GU,124,1,NAT,NA,NA,3,NA,4,G3_01C,3
126,GU,125,1,NAT,NA,NA,3,0.1555,2,G3_01C,3
127,GU,121,0,NAT,NA,NA,0,NA,11,NA,3
128,GU,127,1,NAT,NA,NA,0,NA,5,NA,3
129,GU,128,1,NAT,NA,NA,6,NA,9,G3_01B,3
130,GU,129,1,NAT,NA,NA,7,0.2205,6,G3_01B,3
131,GU,121,0,NAT,NA,NA,0,NA,18,NA,3
132,GU,131,0,NAT,NA,NA,3,NA,6,G3_01A,3
133,GU,132,1,NAT,NA,NA,3,NA,6,G3_01A,3
134,GU,133,1,NAT,NA,NA,9,0.222,7,G3_01A,3
135,GU,131,0,NAT,NA,NA,5,NA,10,G3_01A,3
136,GU,135,1,NAT,NA,NA,8,NA,6,G3_01A,3
137,GU,136,1,NAT,NA,NA,12,NA,9,G3_01A,3
138,GU,137,1,NAT,NA,NA,2,0.196,5,G3_01A,3
139,GU,110,0,NAT,NA,NA,0,NA,10,NA,3
140,GU,139,1,NAT,NA,NA,0,NA,8,NA,3
141,GU,140,1,NAT,NA,NA,3,NA,4,G3_01F,3
142,GU,141,1,NAT,NA,NA,6,0.183,5,G3_01F,3
143,GU,110,0,NAT,NA,NA,0,NA,11,NA,3
144,GU,143,0,NAT,NA,NA,2,NA,5,G3_01E,3
145,GU,144,1,NAT,NA,NA,5,0.1715,4,G3_01E,3
146,GU,110,0,NAT,NA,NA,0,NA,12,NA,3
147,GU,146,1,NAT,NA,NA,1,NA,16,G3_01D,3
148,GU,147,0,NAT,NA,NA,4,0.149,6,G3_01D,3
149,GU,147,0,NAT,NA,NA,0,NA,4,NA,3
150,GU,149,1,NAT,NA,NA,10,NA,8,G3_01D,3
151,GU,150,1,NAT,NA,NA,8,0.221,4,G3_01D,3
152,GU,110,0,NAT,NA,NA,0,0.7375,15,NA,3
153,GU,152,0,NAT,NA,NA,0,NA,14,NA,3
154,GU,153,1,NAT,NA,NA,4,NA,7,G3_01I,3
155,GU,154,1,NAT,NA,NA,7,0.189,4,G3_01I,3
156,GU,152,0,NAT,NA,NA,0,NA,15,NA,3
157,GU,156,1,NAT,NA,NA,0,NA,3,NA,3
158,GU,157,1,NAT,NA,NA,3,NA,8,G3_01H,3
159,GU,158,1,NAT,NA,NA,4,NA,3,G3_01H,3
160,GU,159,1,NAT,NA,NA,6,0.15,3,G3_01H,3
161,GU,152,0,NAT,NA,NA,0,0.574,18,G3_01G,3
162,GU,161,0,NAT,NA,NA,0,NA,10,NA,3
163,GU,162,1,NAT,NA,NA,1,NA,4,G3_01G,3
164,GU,163,0,NAT,NA,NA,10,0.229,9,G3_01G,3
165,GU,163,0,2020-09-12,1,1,7,0.2745,9,G3_01G,3
166,GU,161,0,NAT,NA,NA,1,0.1625,8,G3_01G,3
167,scaffold,0,0,NaT,NA,NA,0,7.96,72,NA,3
168,scaffold,167,0,NaT,NA,NA,0,5.57,135,NA,3
169,undefined,168,1,NaT,NA,NA,0,4.1,20,NA,3
170,GU,169,1,NaT,NA,NA,0,3.0775,18,NA,3
171,branch_empty,170,0,NaT,NA,NA,0,2.75,NA,NA,3
172,GU,170,0,NaT,NA,NA,0,2.908,20,NA,3
173,branch,172,0,2020-09-12,4,4,NA,1.7405,NA,NA,3
174,GU,172,0,NaT,NA,NA,0,1.796,16,NA,3
175,GU,172,0,NaT,NA,NA,0,2.1895,7,NA,3
176,GU,175,1,NaT,NA,NA,0,NA,10,NA,3
177,GU,176,1,NaT,NA,NA,0,NA,7,NA,3
178,GU,177,1,NaT,NA,NA,0,NA,15,NA,3
179,GU,178,0,NaT,NA,NA,0,1.4635,13,NA,3
180,GU,178,0,NaT,NA,NA,0,NA,17,NA,3
181,GU,180,1,NaT,NA,NA,0,NA,3,NA,3
182,GU,181,1,NaT,NA,NA,0,NA,10,NA,3
183,GU,182,1,NaT,NA,NA,0,NA,7,NA,3
184,GU,183,0,NaT,NA,NA,0,NA,10,NA,3
185,GU,184,0,NaT,NA,NA,8,NA,10,G3_04E,3
186,GU,184,0,NaT,NA,NA,9,NA,7,G3_04E,3
187,GU,184,0,NaT,NA,NA,8,NA,8,G3_04E,3
188,GU,183,0,NaT,NA,NA,1,NA,11,G3_04E,3
189,GU,188,0,NaT,NA,NA,10,NA,7,G3_04E,3
190,GU,189,1,NaT,NA,NA,2,0.1355,2,G3_04E,3
191,GU,188,0,NaT,NA,NA,6,0.153,8,G3_04E,3
192,GU,188,0,NaT,NA,NA,5,0.1515,6,G3_04E,3
193,GU,183,0,NaT,NA,NA,0,NA,10,NA,3
194,GU,193,1,NaT,NA,NA,8,NA,8,G3_04E,3
195,GU,194,1,NaT,NA,NA,11,0.2255,10,G3_04E,3
196,GU,193,0,NaT,NA,NA,8,NA,7,G3_04E,3
197,GU,196,1,NaT,NA,NA,8,0.2165,8,G3_04E,3
198,GU,178,0,NaT,NA,NA,0,NA,13,NA,3
199,GU,198,1,NaT,NA,NA,0,NA,8,NA,3
200,GU,199,1,NaT,NA,NA,0,NA,12,NA,3
201,GU,200,0,NaT,NA,NA,0,NA,10,NA,3
202,GU,201,1,NaT,NA,NA,2,NA,8,G3_04E,3
203,GU,202,0,NaT,NA,NA,0,NA,7,NA,3
204,GU,203,1,NaT,NA,NA,12,NA,10,G3_04E,3
205,GU,204,1,2020-09-12,2,2,14,0.27,14,G3_04E,3
206,GU,202,0,NaT,NA,NA,1,NA,5,G3_04E,3
207,GU,206,1,NaT,NA,NA,12,NA,8,G3_04E,3
208,GU,207,1,NaT,NA,NA,13,0.27,12,G3_04E,3
209,GU,200,0,NaT,NA,NA,0,NA,10,NA,3
210,GU,209,1,NaT,NA,NA,2,NA,6,G3_04E,3
211,GU,210,0,NaT,NA,NA,1,NA,6,G3_04E,3
212,GU,211,1,NaT,NA,NA,8,NA,8,G3_04E,3
213,GU,212,1,NaT,NA,NA,10,0.215,11,G3_04E,3
214,GU,210,0,NaT,NA,NA,4,NA,7,G3_04E,3
215,GU,214,1,NaT,NA,NA,10,NA,11,G3_04E,3
216,GU,215,1,NaT,NA,NA,13,0.239,12,G3_04E,3
217,GU,200,0,NaT,NA,NA,0,NA,10,NA,3
218,GU,217,0,NaT,NA,NA,3,NA,10,G3_04E,3
219,GU,218,1,NaT,NA,NA,12,NA,10,G3_04E,3
220,GU,219,1,NaT,NA,NA,10,0.2315,12,G3_04E,3
221,GU,217,0,NaT,NA,NA,0,NA,10,NA,3
222,GU,221,1,NaT,NA,NA,5,NA,13,G3_04E,3
223,GU,222,1,NaT,NA,NA,16,0.307,17,G3_04E,3
224,GU,180,0,NaT,NA,NA,0,NA,11,NA,3
225,GU,224,1,NaT,NA,NA,8,0.1755,5,G3_04E,3
226,GU,180,0,NaT,NA,NA,0,NA,6,NA,3
227,GU,226,1,NaT,NA,NA,0,NA,3,NA,3
228,GU,227,1,NaT,NA,NA,6,0.1515,4,G3_04E,3
229,branch,175,0,NaT,NA,NA,NA,0.395,NA,NA,3
230,branch,175,0,NaT,NA,NA,NA,0.115,NA,NA,3
231,GU,185,1,NaT,NA,NA,6,0.212,8,G3_04E,3
232,GU,186,1,NaT,NA,NA,6,0.2385,6,G3_04E,3
233,GU,187,1,NaT,NA,NA,6,0.225,7,G3_04E,3
234,GU,179,1,NaT,NA,NA,0,NA,6,NA,3
235,GU,234,1,NaT,NA,NA,0,NA,9,NA,3
236,GU,235,1,NaT,NA,NA,0,NA,9,NA,3
237,GU,236,1,NaT,NA,NA,4,1.2355,11,G3_04D,3
238,GU,237,0,NaT,NA,NA,4,NA,13,G3_06A,3
239,GU,238,1,NaT,NA,NA,4,NA,14,G3_06A,3
240,GU,239,1,NaT,NA,NA,17,NA,15,G3_06A,3
241,GU,240,1,2020-09-12,2,2,18,0.399,19,G3_06A,3
242,GU,240,0,NaT,NA,NA,8,0.1975,11,G3_06A,3
243,GU,237,0,NaT,NA,NA,3,0.884,18,G3_04A,3
244,GU,243,0,NaT,NA,NA,2,NA,10,G3_04A,3
245,GU,244,1,NaT,NA,NA,15,NA,15,G3_04A,3
246,GU,245,1,2020-09-12,1,1,18,0.437,20,G3_04A,3
247,GU,237,0,NaT,NA,NA,5,NA,12,G3_04B,3
248,GU,247,1,NaT,NA,NA,2,NA,7,G3_04B,3
249,GU,248,1,NaT,NA,NA,14,NA,9,G3_04B,3
250,GU,249,1,NaT,NA,NA,1,0.219,9,G3_04B,3
251,GU,237,0,NaT,NA,NA,5,NA,12,G3_04C,3
252,GU,251,1,NaT,NA,NA,3,NA,6,G3_04C,3
253,GU,252,1,NaT,NA,NA,14,NA,8,G3_04C,3
254,GU,253,1,2020-09-12,1,1,6,0.2105,7,G3_04C,3
255,GU,235,0,NaT,NA,NA,0,NA,4,NA,3
256,GU,255,1,NaT,NA,NA,0,NA,3,NA,3
257,GU,256,1,NaT,NA,NA,11,0.2545,11,G3_04D,3
258,GU,179,0,NaT,NA,NA,0,NA,7,NA,3
259,GU,258,1,NaT,NA,NA,0,NA,4,NA,3
260,GU,259,1,NaT,NA,NA,5,NA,7,G3_05A,3
261,GU,260,1,2020-09-12,1,1,8,0.226,5,G3_05A,3
262,GU,174,0,NaT,NA,NA,0,1.445,10,NA,3
263,GU,262,1,NaT,NA,NA,0,NA,6,NA,3
264,GU,263,1,NaT,NA,NA,0,NA,15,NA,3
265,GU,264,1,NaT,NA,NA,0,1.274,17,NA,3
266,GU,265,0,NaT,NA,NA,7,0.2295,14,G3_07D,3
267,GU,265,0,NaT,NA,NA,9,0.2905,14,G3_07D,3
268,GU,265,0,NaT,NA,NA,7,0.241,12,G3_07D,3
269,GU,265,0,NaT,NA,NA,8,0.2535,16,G3_07D,3
270,GU,265,0,NaT,NA,NA,0,NA,2,NA,3
271,GU,270,1,NaT,NA,NA,0,NA,10,NA,3
272,GU,271,0,NaT,NA,NA,0,NA,5,NA,3
273,GU,272,1,NaT,NA,NA,16,0.2595,12,G3_07D,3
274,GU,271,0,NaT,NA,NA,1,NA,6,G3_07D,3
275,GU,274,1,NaT,NA,NA,6,0.178,5,G3_07D,3
276,GU,264,0,NaT,NA,NA,0,0.664,7,NA,3
277,GU,276,0,NaT,NA,NA,0,NA,6,NA,3
278,GU,277,1,NaT,NA,NA,0,NA,10,NA,3
279,GU,278,1,NaT,NA,NA,0,NA,4,NA,3
280,GU,279,1,NaT,NA,NA,4,NA,5,G3_07B,3
281,GU,280,1,NaT,NA,NA,12,NA,12,G3_07B,3
282,GU,281,1,NaT,NA,NA,9,0.203,5,G3_07B,3
283,GU,276,0,NaT,NA,NA,0,NA,5,NA,3
284,GU,283,1,NaT,NA,NA,2,NA,14,G3_07A,3
285,GU,284,1,NaT,NA,NA,2,NA,4,G3_07A,3
286,GU,285,1,NaT,NA,NA,10,NA,8,G3_07A,3
287,GU,286,1,NaT,NA,NA,10,NA,14,G3_07A,3
288,GU,287,1,NaT,NA,NA,16,NA,10,G3_07A,3
289,GU,288,1,2020-09-12,1,1,15,0.359,15,G3_07A,3
290,GU,174,0,NaT,NA,NA,0,0.7415,5,NA,3
291,GU,290,1,NaT,NA,NA,0,NA,7,NA,3
292,GU,291,1,NaT,NA,NA,0,NA,6,NA,3
293,GU,292,0,NaT,NA,NA,3,NA,12,G3_07C,3
294,GU,293,1,NaT,NA,NA,3,NA,5,G3_07C,3
295,GU,294,1,NaT,NA,NA,7,0.1885,4,G3_07C,3
296,GU,292,0,NaT,NA,NA,0,NA,10,NA,3
297,GU,296,1,NaT,NA,NA,1,0.2475,10,G3_07C,3
298,GU,292,0,NaT,NA,NA,0,NA,10,NA,3
299,GU,298,1,NaT,NA,NA,0,NA,11,NA,3
300,GU,299,1,NaT,NA,NA,4,NA,5,G3_07C,3
301,GU,300,1,NaT,NA,NA,4,NA,10,G3_07C,3
302,GU,301,1,NaT,NA,NA,8,NA,7,G3_07C,3
303,GU,302,1,NaT,NA,NA,7,NA,5,G3_07C,3
304,GU,303,1,NaT,NA,NA,8,0.241,10,G3_07C,3
305,scaffold,167,0,NaT,NA,NA,0,6.85,87,NA,3
306,scaffold,305,0,NaT,NA,NA,0,5.061,30,NA,3
307,scaffold,305,0,NaT,NA,NA,0,6.05,30,NA,3
308,scaffold,306,1,NaT,NA,NA,0,4.5,20,NA,3
309,multiple_GU,308,0,NaT,NA,NA,0,4.35,41,NA,3
310,multiple_GU,309,0,NaT,NA,NA,0,3.6,18,NA,3
311,branch_empty,309,0,NaT,NA,NA,0,0.9,NA,NA,3
312,multiple_GU,310,1,NaT,NA,NA,0,2.85,18,NA,3
313,GU,310,0,NaT,NA,NA,0,2.27,9,NA,3
314,GU,312,0,NaT,NA,NA,0,2.5065,15,NA,3
315,branch_empty,312,0,NaT,NA,NA,0,2.4,NA,NA,3
316,GU,308,0,NaT,NA,NA,0,2.9695,9,NA,3
317,GU,314,0,NaT,NA,NA,0,NA,16,NA,3
318,GU,317,0,NaT,NA,NA,0,1.9085,10,NA,3
319,GU,318,1,NaT,NA,NA,0,NA,10,NA,3
320,GU,319,1,NaT,NA,NA,0,NA,12,NA,3
321,GU,320,0,NaT,NA,NA,0,1.27,9,NA,3
322,branch,320,0,NaT,NA,NA,NA,0.498,NA,NA,3
323,branch,320,0,2020-09-12,7,7,NA,1.272,NA,NA,3
324,GU,320,0,NaT,NA,NA,0,NA,15,NA,3
325,GU,324,1,NaT,NA,NA,0,1.102,9,NA,3
326,branch,325,0,NaT,NA,NA,NA,0.1985,NA,NA,3
327,branch,325,0,NaT,NA,NA,NA,0.194,NA,NA,3
328,branch,325,0,NaT,NA,NA,NA,0.134,NA,NA,3
329,branch,324,0,NaT,NA,NA,NA,0.366,NA,NA,3
330,branch,324,0,2020-09-12,3,3,NA,1.012,NA,NA,3
331,GU,313,1,NaT,NA,NA,0,NA,24,NA,3
332,GU,331,0,NaT,NA,NA,0,NA,9,NA,3
333,GU,332,1,NaT,NA,NA,0,NA,7,NA,3
334,GU,333,1,NaT,NA,NA,0,NA,6,NA,3
335,GU,334,1,NaT,NA,NA,0,NA,10,NA,3
336,GU,335,0,NaT,NA,NA,0,0.905,15,NA,3
337,branch,335,0,NaT,NA,NA,NA,0.4735,NA,G3_16D,3
338,branch,335,0,NaT,NA,NA,NA,0.5365,NA,G3_16E,3
339,branch,335,0,NaT,NA,NA,NA,0.8955,NA,G3_16F,3
340,GU,331,0,NaT,NA,NA,0,1.5475,5,NA,3
341,GU,340,1,NaT,NA,NA,0,NA,7,NA,3
342,GU,341,1,NaT,NA,NA,0,NA,7,NA,3
343,GU,342,1,NaT,NA,NA,0,NA,14,NA,3
344,GU,343,1,NaT,NA,NA,0,1.0965,16,NA,3
345,branch,343,0,NaT,NA,NA,NA,0.859,NA,G3_13F,3
346,branch,343,0,NaT,NA,NA,NA,0.648,NA,G3_13E,3
347,branch,343,0,NaT,NA,NA,NA,0.3635,NA,G3_13D,3
348,GU,336,1,NaT,NA,NA,0,NA,11,NA,3
349,GU,348,0,NaT,NA,NA,0,NA,11,NA,3
350,GU,349,1,NaT,NA,NA,0,NA,6,NA,3
351,GU,350,1,NaT,NA,NA,3,NA,9,G3_16B,3
352,GU,351,1,NaT,NA,NA,13,NA,10,G3_16B,3
353,GU,352,1,NaT,NA,NA,17,NA,19,G3_16B,3
354,GU,353,1,NaT,NA,NA,13,NA,15,G3_16A,3
355,GU,354,1,2020-09-12,1,1,18,0.438,22,G3_16A,3
356,GU,354,0,NaT,NA,NA,3,0.1795,10,G3_16A,3
357,GU,353,0,NaT,NA,NA,5,NA,10,G3_16A,3
358,GU,357,1,2020-09-12,1,1,11,0.291,15,G3_16A,3
359,GU,350,0,NaT,NA,NA,1,NA,8,G3_11C,3
360,GU,359,0,NaT,NA,NA,9,0.2,9,G3_11C,3
361,GU,359,0,NaT,NA,NA,6,0.1435,7,G3_11C,3
362,GU,359,0,NaT,NA,NA,6,0.183,9,G3_11C,3
363,GU,349,0,NaT,NA,NA,0,NA,7,NA,3
364,GU,362,0,NaT,NA,NA,8,0.1825,8,G3_11C,3
365,GU,349,0,NaT,NA,NA,3,NA,9,G3_11C,3
366,GU,365,1,NaT,NA,NA,8,0.1855,7,G3_11C,3
367,GU,344,0,NaT,NA,NA,0,NA,7,NA,3
368,GU,367,1,NaT,NA,NA,0,NA,13,NA,3
369,GU,368,0,NaT,NA,NA,0,NA,5,NA,3
370,GU,369,1,NaT,NA,NA,0,0.9345,4,G3_13C,3
371,GU,370,0,NaT,NA,NA,0,NA,9,NA,3
372,GU,371,1,NaT,NA,NA,10,NA,8,G3_13C,3
373,GU,372,1,NaT,NA,NA,12,NA,14,G3_13C,3
374,GU,373,0,NaT,NA,NA,8,0.2725,10,G3_13C,3
375,GU,373,0,NaT,NA,NA,5,0.157,6,G3_13C,3
376,GU,373,0,NaT,NA,NA,2,NA,5,G3_13C,3
377,GU,376,1,NaT,NA,NA,5,0.145,5,G3_13C,3
378,GU,368,0,NaT,NA,NA,0,NA,3,NA,3
379,GU,378,1,NaT,NA,NA,0,NA,14,NA,3
380,GU,379,1,NaT,NA,NA,0,NA,15,NA,3
381,GU,380,0,NaT,NA,NA,8,NA,14,G3_13B,3
382,GU,381,1,NaT,NA,NA,11,NA,12,G3_13B,3
383,GU,382,1,NaT,NA,NA,14,0.3375,19,G3_13B,3
384,GU,380,0,NaT,NA,NA,6,0.192,12,G3_13B,3
385,GU,380,0,NaT,NA,NA,10,NA,14,G3_13B,3
386,GU,385,1,NaT,NA,NA,11,NA,8,G3_13B,3
387,GU,386,0,NaT,NA,NA,11,0.2775,17,G3_13B,3
388,GU,386,0,NaT,NA,NA,8,0.2325,11,G3_13B,3
389,GU,380,0,NaT,NA,NA,6,NA,13,G3_13A,3
390,GU,389,1,NaT,NA,NA,7,NA,6,G3_13A,3
391,GU,390,1,2020-09-12,1,1,14,0.3225,15,G3_13A,3
392,GU,321,1,NaT,NA,NA,0,NA,2,NA,3
393,GU,392,1,NaT,NA,NA,0,NA,10,NA,3
394,GU,393,0,NaT,NA,NA,0,NA,14,NA,3
395,GU,393,0,NaT,NA,NA,0,NA,17,NA,3
396,GU,395,1,NaT,NA,NA,1,0.2185,6,G3_14C,3
397,GU,395,0,NaT,NA,NA,3,0.1345,3,G3_14C,3
398,GU,393,0,NaT,NA,NA,0,NA,14,NA,3
399,GU,398,1,NaT,NA,NA,1,NA,3,G3_14C,3
400,GU,399,1,2020-09-12,1,1,7,0.2485,6,G3_14C,3
401,GU,393,0,NaT,NA,NA,0,NA,21,NA,3
402,GU,401,0,NaT,NA,NA,0,NA,5,NA,3
403,GU,402,0,NaT,NA,NA,2,0.2835,10,G3_14B,3
404,GU,402,0,NaT,NA,NA,0,NA,5,NA,3
405,GU,404,1,NaT,NA,NA,5,NA,15,G3_14B,3
406,GU,405,0,NaT,NA,NA,4,0.132,6,G3_14A,3
407,GU,405,0,2020-09-12,1,1,8,0.236,10,G3_14A,3
408,GU,405,0,NaT,NA,NA,0,NA,6,NA,3
409,GU,408,1,2020-09-12,2,2,14,0.3225,13,G3_14A,3
410,GU,408,0,NaT,NA,NA,7,0.188,11,G3_14A,3
411,GU,401,0,NaT,NA,NA,1,NA,9,G3_14B,3
412,GU,411,1,NaT,NA,NA,7,NA,17,G3_14B,3
413,GU,412,0,NaT,NA,NA,16,NA,15,G3_15A,3
414,GU,413,0,2020-09-12,1,1,9,0.3435,16,G3_15A,3
415,GU,413,0,2020-09-12,1,1,16,0.3675,21,G3_15A,3
416,GU,412,0,NaT,NA,NA,6,0.176,7,G3_15A,3
417,GU,412,0,NaT,NA,NA,9,NA,12,G3_15A,3
418,GU,417,0,NaT,NA,NA,16,0.4155,22,G3_15A,3
419,GU,417,0,NaT,NA,NA,9,0.3185,18,G3_15A,3
420,GU,412,0,NaT,NA,NA,7,NA,10,G3_15A,3
421,GU,420,1,NaT,NA,NA,12,0.3465,21,G3_15A,3
422,GU,393,0,NaT,NA,NA,0,NA,16,NA,3
423,GU,422,1,NaT,NA,NA,0,NA,5,NA,3
424,GU,423,1,NaT,NA,NA,4,0.7815,6,G3_14D,3
425,GU,424,0,NaT,NA,NA,7,NA,12,G3_14D,3
426,GU,424,0,NaT,NA,NA,9,NA,12,G3_14D,3
427,GU,424,0,NaT,NA,NA,7,NA,12,G3_14D,3
428,GU,427,1,NaT,NA,NA,10,NA,12,G3_14D,3
429,GU,428,1,NaT,NA,NA,8,0.2495,9,G3_14D,3
430,GU,316,1,NaT,NA,NA,0,NA,21,NA,3
431,GU,430,1,NaT,NA,NA,0,NA,15,NA,3
432,GU,431,1,NaT,NA,NA,0,NA,17,NA,3
433,GU,432,1,NaT,NA,NA,0,2.5305,18,NA,3
434,GU,433,0,NaT,NA,NA,0,NA,14,NA,3
435,GU,434,1,NaT,NA,NA,0,2.0025,19,NA,3
436,GU,433,0,NaT,NA,NA,0,NA,4,NA,3
437,GU,436,1,NaT,NA,NA,0,NA,9,NA,3
438,GU,437,1,NaT,NA,NA,0,1.7275,18,NA,3
439,GU,438,0,NaT,NA,NA,0,1.5425,23,NA,3
440,branch,438,0,NaT,NA,NA,NA,0.5765,NA,G3_11E,3
441,branch,438,0,NaT,NA,NA,NA,0.8115,NA,G3_11F,3
442,GU,435,1,NaT,NA,NA,0,NA,15,NA,3
443,GU,442,1,NaT,NA,NA,0,NA,11,NA,3
444,GU,443,1,NaT,NA,NA,0,NA,15,NA,3
445,GU,446,1,NaT,NA,NA,0,NA,8,NA,3
446,GU,444,0,NaT,NA,NA,0,1.424,15,NA,3
447,branch,444,0,2020-09-12,2,2,NA,0.627,NA,G3_09F,3
448,branch,444,0,NaT,NA,NA,NA,0.4015,NA,G3_09E,3
449,branch,443,0,NaT,NA,NA,NA,0.4455,NA,G3_09D,3
450,GU,435,0,NaT,NA,NA,0,1.219,21,NA,3
451,branch,435,0,NaT,NA,NA,NA,0.739,NA,G3_08C,3
452,GU,445,1,NaT,NA,NA,1,1.058,20,G3_10B,3
453,GU,452,0,NaT,NA,NA,8,0.513,16,G3_10B,3
454,GU,453,1,NaT,NA,NA,7,NA,14,G3_10B,3
455,GU,454,1,NaT,NA,NA,13,NA,16,G3_10B,3
456,GU,455,1,2020-09-12,1,1,15,0.3725,13,G3_10B,3
457,GU,452,0,NaT,NA,NA,11,0.632,15,G3_10A,3
458,GU,457,1,NaT,NA,NA,9,NA,14,G3_10A,3
459,GU,458,1,NaT,NA,NA,11,NA,15,G3_10A,3
460,GU,459,1,2020-09-12,2,2,14,0.3265,15,G3_10A,3
461,GU,458,0,NaT,NA,NA,10,0.2165,13,G3_10A,3
462,GU,452,0,NaT,NA,NA,7,NA,19,G3_09B,3
463,GU,462,1,NaT,NA,NA,4,NA,16,G3_09B,3
464,GU,463,0,NaT,NA,NA,10,NA,16,G3_09B,3
465,GU,464,1,NaT,NA,NA,10,0.249,11,G3_09B,3
466,GU,463,0,NaT,NA,NA,9,NA,18,G3_09C,3
467,GU,466,1,NaT,NA,NA,14,0.276,15,G3_09C,3
468,GU,463,0,NaT,NA,NA,14,NA,22,G3_09C,3
469,GU,468,1,NaT,NA,NA,16,0.3095,18,G3_09C,3
470,GU,463,0,NaT,NA,NA,3,NA,13,G3_09A,3
471,GU,470,1,2020-09-12,2,2,10,0.273,10,G3_09A,3
472,GU,463,0,NaT,NA,NA,13,NA,20,G3_09A,3
473,GU,472,0,NaT,NA,NA,10,0.216,15,G3_09A,3
474,GU,472,0,NaT,NA,NA,11,0.267,15,G3_09A,3
475,GU,472,0,NaT,NA,NA,8,0.277,18,G3_09A,3
476,GU,472,0,2020-09-12,1,1,10,0.325,20,G3_09A,3
477,GU,462,0,NaT,NA,NA,0,NA,8,NA,3
478,GU,477,1,NaT,NA,NA,15,NA,18,G3_09C,3
479,GU,478,1,NaT,NA,NA,7,0.1865,8,G3_09C,3
480,GU,446,0,NaT,NA,NA,0,NA,3,NA,3
481,GU,480,1,NaT,NA,NA,0,0.815,18,NA,3
482,GU,481,0,NaT,NA,NA,11,0.521,16,G3_10C,3
483,GU,482,1,NaT,NA,NA,8,NA,14,G3_10C,3
484,GU,483,1,NaT,NA,NA,4,NA,18,G3_10C,3
485,GU,484,1,2020-09-12,1,1,7,0.217,8,G3_10C,3
486,GU,481,0,NaT,NA,NA,9,0.3545,16,G3_10D,3
487,GU,486,1,NaT,NA,NA,11,NA,11,G3_10D,3
488,GU,487,1,2020-09-12,1,1,0,0.2575,9,G3_10D,3
489,GU,481,0,NaT,NA,NA,4,0.2575,13,G3_10D,3
490,GU,456,1,NaT,NA,NA,0,NA,13,NA,3
491,GU,490,0,NaT,NA,NA,0,0.4975,8,G3_08B,3
492,GU,491,0,NaT,NA,NA,0,NA,6,NA,3
493,GU,492,1,NaT,NA,NA,5,NA,15,G3_08B,3
494,GU,493,0,2020-09-12,2,2,6,0.2405,8,G3_08B,3
495,GU,490,0,NaT,NA,NA,0,1.05,15,NA,3
496,GU,495,1,NaT,NA,NA,0,NA,12,NA,3
497,GU,496,0,NaT,NA,NA,9,0.2675,12,G3_08A,3
498,GU,496,0,NaT,NA,NA,0,0.4215,7,NA,3
499,GU,498,1,NaT,NA,NA,0,NA,14,NA,3
500,GU,499,1,NaT,NA,NA,13,NA,11,G3_08A,3
501,GU,500,1,2020-09-12,2,2,11,0.278,8,G3_08A,3
502,GU,439,1,NaT,NA,NA,0,NA,15,NA,3
503,GU,502,1,NaT,NA,NA,0,NA,17,NA,3
504,GU,503,1,NaT,NA,NA,0,1.2885,11,G3_02A,3
505,GU,504,0,NaT,NA,NA,0,0.634,4,G3_02A,3
506,GU,505,1,NaT,NA,NA,0,NA,12,NA,3
507,GU,506,1,NaT,NA,NA,11,NA,13,G3_02A,3
508,GU,507,1,NaT,NA,NA,10,NA,9,G3_02A,3
509,GU,508,1,NaT,NA,NA,6,NA,12,G3_02A,3
510,GU,509,1,2020-09-12,1,1,14,0.2815,11,G3_02A,3
511,GU,506,0,NaT,NA,NA,8,0.2535,9,G3_02A,3
512,GU,506,0,NaT,NA,NA,5,0.2015,8,G3_02A,3
513,GU,506,0,NaT,NA,NA,8,0.2055,10,G3_02A,3
514,GU,503,0,NaT,NA,NA,0,NA,7,NA,3
515,GU,514,1,NaT,NA,NA,0,0.6915,4,NA,3
516,GU,515,0,NaT,NA,NA,0,NA,6,NA,3
517,GU,516,1,NaT,NA,NA,1,0.5955,14,G3_37B,3
518,GU,517,0,NaT,NA,NA,5,NA,12,G3_37B,3
519,GU,518,1,NaT,NA,NA,9,NA,9,G3_37B,3
520,GU,519,1,NaT,NA,NA,12,NA,15,G3_37B,3
521,GU,520,1,NaT,NA,NA,11,0.2795,10,G3_37B,3
522,GU,514,0,NaT,NA,NA,0,NA,4,NA,3
523,GU,522,1,NaT,NA,NA,0,NA,10,NA,3
524,GU,523,1,NaT,NA,NA,4,NA,4,G3_37A,3
525,GU,524,1,2020-09-12,2,2,6,0.255,4,G3_37A,3
526,GU,502,0,NaT,NA,NA,0,NA,9,NA,3
527,GU,526,1,NaT,NA,NA,0,NA,3,NA,3
528,GU,527,0,NaT,NA,NA,0,NA,4,NA,3
529,GU,528,1,NaT,NA,NA,9,0.247,9,G3_11C,3
530,GU,502,0,NaT,NA,NA,0,NA,8,NA,3
531,GU,530,0,NaT,NA,NA,4,0.2145,8,G3_11C,3
532,GU,502,0,NaT,NA,NA,0,NA,9,NA,3
533,GU,532,1,NaT,NA,NA,0,NA,5,NA,3
534,GU,533,1,NaT,NA,NA,0,NA,4,NA,3
535,GU,534,1,NaT,NA,NA,1,NA,12,G3_11B,3
536,GU,535,1,NaT,NA,NA,11,NA,5,G3_11B,3
537,GU,536,1,NaT,NA,NA,7,NA,5,G3_11B,3
538,GU,537,1,NaT,NA,NA,7,NA,6,G3_11B,3
539,GU,538,1,NaT,NA,NA,10,0.186,6,G3_11B,3
540,GU,533,0,NaT,NA,NA,2,0.1685,6,G3_11B,3
541,GU,533,0,NaT,NA,NA,2,0.139,7,G3_11B,3
542,GU,502,0,NaT,NA,NA,0,NA,7,NA,3
543,GU,542,1,NaT,NA,NA,0,NA,3,NA,3
544,GU,543,1,NaT,NA,NA,5,NA,17,G3_11A,3
545,GU,544,1,NaT,NA,NA,5,NA,17,G3_11A,3
546,GU,545,1,NaT,NA,NA,14,NA,10,G3_11A,3
547,GU,546,1,NaT,NA,NA,7,NA,10,G3_11A,3
548,GU,547,1,NaT,NA,NA,15,NA,15,G3_11A,3
549,GU,548,1,NaT,NA,NA,15,0.304,16,G3_11A,3
550,GU,547,0,NaT,NA,NA,2,NA,10,G3_11D,3
551,GU,550,1,2020-09-12,1,1,9,0.269,12,G3_11D,3
552,scaffold,0,0,NAT,NA,NA,0,5.05,20,NA,3
553,scaffold,552,1,NAT,NA,NA,0,5.41,41,NA,3
554,scaffold,553,1,NAT,NA,NA,0,4.93,108,NA,3
555,scaffold,553,0,NAT,NA,NA,0,2.55,48,NA,3
556,scaffold,552,0,NAT,NA,NA,0,4.62,30,NA,3
557,scaffold,556,1,NAT,NA,NA,0,4.11,120,NA,3
558,scaffold,552,0,NAT,NA,NA,0,7.16,74,NA,3
559,branch_empty,1139,1,NAT,NA,NA,0,4.45,NA,NA,3
560,multiple_GU,1139,0,NAT,NA,NA,0,3.0525,53,NA,3
561,branch_empty,1139,0,NAT,NA,NA,0,2.25,NA,NA,3
562,GU,560,0,NAT,NA,NA,0,2.0735,10,NA,3
563,GU,560,0,NAT,NA,NA,0,3.0005,15,NA,3
564,GU,562,1,NAT,NA,NA,0,NA,11,NA,3
565,GU,564,1,NAT,NA,NA,0,NA,20,NA,3
566,GU,565,1,NAT,NA,NA,0,NA,10,NA,3
567,GU,566,1,NAT,NA,NA,0,NA,10,NA,3
568,GU,567,1,NAT,NA,NA,0,1.7095,12,NA,3
569,branch,568,0,NAT,NA,NA,NA,1.6585,NA,NA,3
570,branch,568,0,NAT,NA,NA,NA,0.221,NA,G3_19F,3
571,branch,568,0,NAT,NA,NA,NA,0.4075,NA,G3_19F,3
572,GU,567,0,NAT,NA,NA,0,0.999,14,NA,3
573,branch,565,0,NAT,NA,NA,NA,0.7355,NA,G3_19E,3
574,GU,572,1,NAT,NA,NA,0,NA,11,NA,3
575,GU,574,1,NAT,NA,NA,0,NA,11,NA,3
576,GU,575,1,NAT,NA,NA,0,NA,11,NA,3
577,GU,576,0,NAT,NA,NA,0,NA,9,NA,3
578,GU,577,1,NAT,NA,NA,2,0.192,6,G3_19C,3
579,GU,576,0,NAT,NA,NA,0,NA,7,NA,3
580,GU,579,0,NAT,NA,NA,3,0.14,5,G3_19C,3
581,GU,576,0,NAT,NA,NA,0,NA,12,NA,3
582,branch_empty,581,0,NAT,NA,NA,0,NA,NA,G3_19C,3
583,branch_empty,581,0,NAT,NA,NA,0,NA,NA,G3_19C,3
584,branch_empty,583,0,NAT,NA,NA,0,NA,NA,G3_19C,3
585,branch_empty,584,1,NAT,NA,NA,0,NA,NA,G3_19C,3
586,branch_empty,583,0,NAT,NA,NA,0,NA,NA,G3_19C,3
587,branch_empty,586,1,NAT,NA,NA,0,NA,NA,G3_19C,3
588,branch_empty,587,1,NAT,NA,NA,0,NA,NA,G3_19C,3
589,GU,576,0,NAT,NA,NA,0,NA,9,NA,3
590,GU,589,1,NAT,NA,NA,1,NA,9,G3_19B,3
591,GU,590,1,NAT,NA,NA,7,NA,5,G3_19B,3
592,GU,591,1,NAT,NA,NA,19,NA,23,G3_19B,3
593,GU,592,1,NAT,NA,NA,17,NA,16,G3_19A,3
594,GU,593,1,2020-09-12,2,2,14,0.4285,18,G3_19A,3
595,GU,592,0,NAT,NA,NA,9,0.253,14,G3_19A,3
596,GU,592,0,NAT,NA,NA,7,0.179,9,G3_19A,3
597,GU,576,0,NAT,NA,NA,0,NA,9,G3_19B,3
598,GU,597,0,NAT,NA,NA,0,NA,6,NA,3
599,GU,598,1,NAT,NA,NA,14,0.222,13,G3_19B,3
600,GU,597,0,NAT,NA,NA,2,NA,8,G3_19B,3
601,GU,600,1,NAT,NA,NA,9,0.1955,9,G3_19B,3
602,GU,572,0,NAT,NA,NA,0,NA,9,NA,3
603,GU,602,1,NAT,NA,NA,0,NA,7,NA,3
604,GU,603,1,NAT,NA,NA,0,NA,4,NA,3
605,GU,604,1,NAT,NA,NA,3,NA,6,G3_19D,3
606,GU,605,1,NAT,NA,NA,3,NA,3,G3_19D,3
607,GU,606,1,NAT,NA,NA,15,0.3105,15,G3_19D,3
608,GU,563,1,NAT,NA,NA,0,NA,7,NA,3
609,GU,608,1,NAT,NA,NA,0,NA,14,NA,3
610,GU,609,1,NAT,NA,NA,0,NA,11,NA,3
611,GU,610,1,NAT,NA,NA,0,NA,11,NA,3
612,GU,611,1,NAT,NA,NA,0,NA,9,NA,3
613,GU,612,1,NAT,NA,NA,0,NA,6,NA,3
614,GU,613,1,NAT,NA,NA,0,1.958,13,NA,3
615,GU,614,0,NAT,NA,NA,0,1.493,4,NA,3
616,branch,614,0,NAT,NA,NA,NA,0.235,NA,NA,3
617,branch,614,0,NAT,NA,NA,NA,0.4065,NA,NA,3
618,branch,614,0,NAT,NA,NA,NA,0.337,NA,NA,3
619,branch,614,0,NAT,NA,NA,NA,0.199,NA,NA,3
620,branch,614,0,NAT,NA,NA,NA,0.2275,NA,NA,3
621,branch,614,0,NAT,NA,NA,NA,0.1875,NA,NA,3
622,branch,614,0,2020-09-12,1,1,NA,1.154,NA,NA,3
623,GU,611,0,NAT,NA,NA,0,1.992,13,NA,3
624,GU,623,1,NAT,NA,NA,0,NA,20,NA,3
625,GU,624,1,NAT,NA,NA,0,NA,14,NA,3
626,branch,625,0,NAT,NA,NA,NA,0.9235,NA,NA,3
627,branch,624,0,NAT,NA,NA,NA,0.2375,NA,NA,3
628,branch,624,0,NAT,NA,NA,NA,0.306,NA,NA,3
629,branch,624,0,NAT,NA,NA,NA,0.2065,NA,NA,3
630,branch,624,0,NAT,NA,NA,NA,0.405,NA,NA,3
631,branch,608,0,NAT,NA,NA,NA,1.247,NA,NA,3
632,GU,611,0,NAT,NA,NA,0,1.144,8,NA,3
633,GU,615,1,NAT,NA,NA,0,NA,19,NA,3
634,GU,633,0,NAT,NA,NA,0,NA,16,NA,3
635,GU,634,1,NAT,NA,NA,0,0.5815,9,NA,3
636,GU,635,0,NAT,NA,NA,7,0.4185,9,G3_20F,3
637,GU,636,1,NAT,NA,NA,8,NA,9,G3_20F,3
638,GU,637,1,NAT,NA,NA,12,0.29,13,G3_20F,3
639,GU,635,0,NAT,NA,NA,8,0.1705,7,G3_20F,3
640,GU,635,0,NAT,NA,NA,7,0.1775,5,G3_20F,3
641,GU,634,0,NAT,NA,NA,0,NA,5,NA,3
642,GU,641,0,NAT,NA,NA,9,NA,5,G3_20F,3
643,GU,642,1,NAT,NA,NA,7,0.195,6,G3_20F,3
644,GU,633,0,NAT,NA,NA,0,NA,17,NA,3
645,GU,644,0,NAT,NA,NA,2,0.151,6,G3_20E,3
646,GU,644,0,NAT,NA,NA,1,NA,7,G3_20E,3
647,GU,646,0,NAT,NA,NA,5,NA,6,G3_20E,3
648,GU,647,1,NAT,NA,NA,3,0.147,5,G3_20E,3
649,GU,644,0,NAT,NA,NA,0,NA,15,NA,3
650,GU,649,0,NAT,NA,NA,5,NA,4,G3_20E,3
651,GU,649,0,NAT,NA,NA,6,NA,5,G3_20E,3
652,GU,651,1,NAT,NA,NA,1,0.3025,5,G3_20E,3
653,GU,644,0,NAT,NA,NA,0,NA,8,NA,3
654,GU,653,1,NAT,NA,NA,4,0.481,7,G3_20E,3
655,GU,654,0,NAT,NA,NA,11,0.2355,5,G3_20E,3
656,GU,633,0,NAT,NA,NA,0,NA,17,NA,3
657,GU,656,0,NAT,NA,NA,0,NA,2,NA,3
658,GU,657,1,NAT,NA,NA,7,NA,8,G3_20D,3
659,GU,658,1,NAT,NA,NA,9,NA,9,G3_20D,3
660,GU,659,1,NAT,NA,NA,8,NA,9,G3_20D,3
661,GU,660,1,NAT,NA,NA,10,0.278,11,G3_20D,3
662,GU,657,0,NAT,NA,NA,5,NA,9,G3_20D,3
663,GU,662,1,NAT,NA,NA,7,0.1705,5,G3_20D,3
664,GU,657,0,NAT,NA,NA,4,0.1575,4,G3_20D,3
665,GU,656,0,NAT,NA,NA,9,NA,15,G3_20C,3
666,GU,665,1,NAT,NA,NA,10,0.201,8,G3_20C,3
667,GU,656,0,NAT,NA,NA,0,0.93,13,NA,3
668,GU,667,0,NAT,NA,NA,0,0.6475,5,NA,3
669,GU,668,0,NAT,NA,NA,1,NA,5,G3_20B,3
670,GU,669,1,NAT,NA,NA,8,NA,9,G3_20B,3
671,GU,670,1,NAT,NA,NA,12,NA,10,G3_20B,3
672,GU,671,1,NAT,NA,NA,15,0.373,18,G3_20B,3
673,GU,668,0,NAT,NA,NA,5,NA,9,G3_20B,3
674,GU,673,1,NAT,NA,NA,9,NA,10,G3_20B,3
675,GU,674,1,2020-09-12,1,1,11,0.3485,11,G3_20B,3
676,GU,667,0,NAT,NA,NA,9,0.5255,8,G3_20A,3
677,GU,676,1,NAT,NA,NA,9,NA,10,G3_20A,3
678,GU,677,1,NAT,NA,NA,10,NA,12,G3_20A,3
679,GU,678,1,2020-09-12,2,2,12,0.3455,14,G3_20A,3
680,GU,667,0,NAT,NA,NA,7,0.273,12,G3_20B,3
681,GU,680,1,NAT,NA,NA,5,NA,7,G3_20B,3
682,GU,681,1,NAT,NA,NA,8,0.1825,9,G3_20B,3
683,GU,632,1,NAT,NA,NA,0,NA,10,NA,3
684,GU,683,1,NAT,NA,NA,0,NA,13,NA,3
685,GU,684,1,NAT,NA,NA,0,NA,13,NA,3
686,GU,685,0,NAT,NA,NA,9,0.834,9,NA,3
687,GU,686,0,NAT,NA,NA,7,0.158,9,G3_22C,3
688,GU,686,0,NAT,NA,NA,1,0.5425,9,G3_22D,3
689,GU,688,1,NAT,NA,NA,4,NA,13,G3_22D,3
690,GU,689,0,NAT,NA,NA,8,NA,9,G3_22D,3
691,GU,690,1,NAT,NA,NA,2,0.179,5,G3_22D,3
692,GU,689,0,NAT,NA,NA,7,NA,8,G3_22D,3
693,GU,692,1,NAT,NA,NA,6,0.2425,5,G3_22D,3
694,GU,689,0,NAT,NA,NA,8,NA,9,G3_22D,3
695,GU,694,1,NAT,NA,NA,7,NA,6,G3_22D,3
696,GU,695,1,2020-09-12,1,1,9,0.2825,12,G3_22D,3
697,GU,685,0,NAT,NA,NA,0,NA,8,NA,3
698,GU,697,0,NAT,NA,NA,0,NA,10,NA,3
699,GU,698,1,NAT,NA,NA,2,NA,12,G3_22D,3
700,GU,699,1,NAT,NA,NA,5,0.187,5,G3_22D,3
701,GU,697,0,NAT,NA,NA,4,0.149,5,G3_22D,3
702,GU,684,0,NAT,NA,NA,0,NA,7,NA,3
703,GU,702,1,NAT,NA,NA,0,NA,4,NA,3
704,GU,703,1,NAT,NA,NA,3,NA,7,G3_22C,3
705,GU,704,1,NAT,NA,NA,5,0.206,3,G3_22C,3
706,GU,684,0,NAT,NA,NA,0,NA,12,NA,3
707,GU,706,0,NAT,NA,NA,0,NA,8,NA,3
708,GU,707,0,NAT,NA,NA,0,NA,10,NA,3
709,GU,708,1,2020-09-12,2,2,7,0.2405,4,G3_22A,3
710,GU,707,0,NAT,NA,NA,0,NA,11,NA,3
711,GU,710,1,NAT,NA,NA,2,NA,7,G3_22A,3
712,GU,711,1,NAT,NA,NA,9,NA,5,G3_22A,3
713,GU,712,1,NAT,NA,NA,3,0.165,5,G3_22A,3
714,GU,706,0,NAT,NA,NA,0,NA,9,NA,3
715,GU,714,0,NAT,NA,NA,0,NA,7,NA,3
716,GU,715,0,NAT,NA,NA,1,0.1885,7,G3_22B,3
717,GU,715,0,NAT,NA,NA,9,0.1615,10,G3_22B,3
718,GU,714,0,NAT,NA,NA,0,NA,8,NA,3
719,GU,718,1,NAT,NA,NA,7,NA,9,G3_22B,3
720,GU,719,1,NAT,NA,NA,8,NA,6,G3_22B,3
721,GU,720,1,NAT,NA,NA,9,0.3015,10,G3_22B,3
722,scaffold,558,0,NAT,NA,NA,0,5.09,42,NA,3
723,GU,722,1,NAT,NA,NA,0,NA,36,NA,3
724,GU,723,1,NAT,NA,NA,0,3.1785,19,NA,3
725,branch_empty,723,0,NAT,NA,NA,0,2.3,NA,NA,3
726,branch_empty,723,0,NAT,NA,NA,0,2.05,NA,NA,3
727,GU,722,0,NAT,NA,NA,0,3.2915,18,NA,3
728,GU,724,0,NAT,NA,NA,0,2.8735,15,NA,3
729,GU,728,1,NAT,NA,NA,0,NA,16,NA,3
730,GU,729,1,NAT,NA,NA,0,NA,13,NA,3
731,GU,730,0,NAT,NA,NA,0,1.733,11,NA,3
732,GU,730,0,NAT,NA,NA,0,1.1855,4,NA,3
733,GU,730,0,NAT,NA,NA,0,2.116,7,NA,3
734,GU,733,1,NAT,NA,NA,0,NA,6,NA,3
735,GU,734,1,NAT,NA,NA,0,NA,9,NA,3
736,GU,735,1,NAT,NA,NA,0,NA,5,NA,3
737,GU,736,1,NAT,NA,NA,0,NA,9,NA,3
738,GU,737,1,NAT,NA,NA,0,NA,10,NA,3
739,GU,738,1,NAT,NA,NA,0,1.7445,6,NA,3
740,branch,738,0,NAT,NA,NA,NA,0.291,NA,NA,3
741,branch,738,0,NAT,NA,NA,NA,0.3355,NA,NA,3
742,branch,738,0,2020-09-12,2,2,NA,1.301,NA,NA,3
743,branch,735,0,2020-09-12,1,1,NA,0.5675,NA,NA,3
744,branch,735,0,NAT,NA,NA,NA,0.808,NA,NA,3
745,GU,724,0,NAT,NA,NA,0,2.179,14,NA,3
746,GU,745,1,NAT,NA,NA,0,NA,21,NA,3
747,GU,746,1,NAT,NA,NA,0,NA,12,NA,3
748,GU,747,0,NAT,NA,NA,0,0.7075,13,NA,3
749,GU,747,0,NAT,NA,NA,0,1.9135,12,NA,3
750,branch,747,0,NAT,NA,NA,NA,1.019,NA,NA,3
751,branch,746,0,NAT,NA,NA,NA,0.8695,NA,NA,3
752,branch,728,0,NAT,NA,NA,NA,0.69,NA,NA,3
753,GU,731,1,NAT,NA,NA,0,NA,10,NA,3
754,GU,753,1,NAT,NA,NA,0,NA,5,NA,3
755,GU,754,1,NAT,NA,NA,0,NA,5,NA,3
756,GU,755,1,NAT,NA,NA,0,NA,6,NA,3
757,GU,756,1,NAT,NA,NA,0,NA,15,NA,3
758,GU,757,1,NAT,NA,NA,0,NA,8,NA,3
759,GU,758,1,NAT,NA,NA,0,1.4915,9,NA,3
760,GU,759,0,NAT,NA,NA,0,NA,11,NA,3
761,GU,760,1,NAT,NA,NA,7,NA,8,G3_24A,3
762,GU,761,1,2020-09-12,1,1,7,0.291,7,G3_24A,3
763,GU,758,0,NAT,NA,NA,3,0.169,5,G3_24A,3
764,GU,757,0,NAT,NA,NA,0,NA,2,NA,3
765,GU,764,1,NAT,NA,NA,0,NA,4,NA,3
766,GU,765,1,NAT,NA,NA,0,NA,10,NA,3
767,GU,766,0,NAT,NA,NA,0,NA,12,NA,3
768,GU,767,1,NAT,NA,NA,5,NA,5,G3_24A,3
769,GU,768,0,2020-09-12,1,1,6,0.2515,8,G3_24A,3
770,GU,766,0,NAT,NA,NA,0,NA,12,NA,3
771,GU,770,1,NAT,NA,NA,9,NA,8,G3_23A,3
772,GU,771,1,NAT,NA,NA,8,NA,6,G3_23A,3
773,GU,772,1,2020-09-12,1,1,7,0.2475,9,G3_23A,3
774,GU,757,0,NAT,NA,NA,0,NA,3,NA,3
775,GU,774,1,NAT,NA,NA,0,1.0375,5,NA,3
776,GU,775,0,NAT,NA,NA,0,NA,9,NA,3
777,GU,776,0,NAT,NA,NA,0,NA,9,NA,3
778,GU,777,1,NAT,NA,NA,3,NA,3,G3_21A,3
779,GU,778,1,NAT,NA,NA,11,NA,4,G3_21A,3
780,GU,779,1,NAT,NA,NA,6,0.1995,6,G3_21A,3
781,GU,776,0,NAT,NA,NA,0,NA,10,NA,3
782,GU,781,1,NAT,NA,NA,4,NA,3,G3_21A,3
783,GU,782,1,NAT,NA,NA,4,NA,5,G3_21A,3
784,GU,783,1,NAT,NA,NA,8,NA,5,G3_21A,3
785,GU,784,1,2020-09-12,1,1,9,0.336,12,G3_21A,3
786,GU,757,0,NAT,NA,NA,0,NA,4,NA,3
787,GU,786,1,NAT,NA,NA,0,NA,8,NA,3
788,GU,787,0,NAT,NA,NA,4,NA,10,G3_21C,3
789,GU,788,1,NAT,NA,NA,2,0.14,4,G3_21C,3
790,GU,787,0,NAT,NA,NA,3,NA,8,G3_21C,3
791,GU,790,1,NAT,NA,NA,6,NA,4,G3_21C,3
792,GU,791,1,NAT,NA,NA,7,0.1845,7,G3_21C,3
793,GU,757,0,NAT,NA,NA,0,NA,5,NA,3
794,GU,793,1,NAT,NA,NA,0,NA,7,NA,3
795,GU,794,0,NAT,NA,NA,4,NA,7,G3_21D,3
796,GU,794,0,NAT,NA,NA,7,NA,9,G3_21D,3
797,GU,796,1,NAT,NA,NA,5,NA,3,G3_21D,3
798,GU,797,1,NAT,NA,NA,6,0.2295,7,G3_21D,3
799,GU,794,0,NAT,NA,NA,2,NA,8,G3_21D,3
800,GU,799,1,NAT,NA,NA,3,NA,3,G3_21D,3
801,GU,800,1,NAT,NA,NA,6,NA,3,G3_21D,3
802,GU,801,1,NAT,NA,NA,11,0.2495,9,G3_21D,3
803,GU,755,0,NAT,NA,NA,0,NA,4,NA,3
804,GU,803,0,NAT,NA,NA,0,NA,6,NA,3
805,GU,804,1,NAT,NA,NA,0,NA,9,NA,3
806,GU,805,0,NAT,NA,NA,3,0.1765,7,G3_21E,3
807,GU,805,0,NAT,NA,NA,6,0.1725,7,G3_21E,3
808,GU,805,0,NAT,NA,NA,6,NA,7,G3_21E,3
809,GU,808,1,NAT,NA,NA,6,NA,5,G3_21E,3
810,GU,809,1,NAT,NA,NA,7,0.1725,6,G3_21E,3
811,GU,755,0,NAT,NA,NA,0,NA,3,NA,3
812,GU,811,0,NAT,NA,NA,0,NA,6,NA,3
813,GU,812,1,NAT,NA,NA,0,NA,6,NA,3
814,GU,813,0,2020-09-12,1,1,5,0.1995,5,G3_21F,3
815,GU,813,0,NAT,NA,NA,2,0.1165,4,G3_21F,3
816,GU,813,0,NAT,NA,NA,8,0.2075,8,G3_21F,3
817,GU,731,0,NAT,NA,NA,0,NA,7,NA,3
818,GU,817,0,NAT,NA,NA,0,NA,6,NA,3
819,GU,818,0,NAT,NA,NA,7,0.2345,7,G3_21G,3
820,GU,731,0,NAT,NA,NA,0,NA,2,NA,3
821,GU,820,1,NAT,NA,NA,0,NA,4,NA,3
822,GU,821,0,NAT,NA,NA,0,NA,8,NA,3
823,GU,822,1,NAT,NA,NA,0,NA,5,NA,3
824,GU,823,1,NAT,NA,NA,0,NA,6,NA,3
825,GU,824,0,NAT,NA,NA,5,0.163,5,G3_21F,3
826,GU,824,0,NAT,NA,NA,5,0.1755,4,G3_21F,3
827,GU,821,0,NAT,NA,NA,0,NA,12,NA,3
828,GU,827,1,NAT,NA,NA,0,NA,3,NA,3
829,GU,828,1,NAT,NA,NA,4,0.153,3,G3_21G,3
830,GU,827,0,NAT,NA,NA,4,0.144,5,G3_21G,3
831,GU,827,0,NAT,NA,NA,0,NA,3,NA,3
832,GU,831,1,NAT,NA,NA,5,0.177,5,G3_21G,3
833,GU,732,1,NAT,NA,NA,0,NA,8,NA,3
834,GU,833,1,NAT,NA,NA,0,NA,15,NA,3
835,GU,834,1,NAT,NA,NA,0,NA,9,NA,3
836,GU,835,1,NAT,NA,NA,0,1.0475,8,NA,3
837,GU,836,0,NAT,NA,NA,0,NA,7,NA,3
838,GU,837,0,NAT,NA,NA,3,NA,10,G3_25C,3
839,GU,838,1,NAT,NA,NA,9,0.1825,7,G3_25C,3
840,GU,836,0,NAT,NA,NA,0,NA,3,NA,3
841,GU,840,1,NAT,NA,NA,0,NA,6,NA,3
842,GU,841,1,NAT,NA,NA,0,NA,9,NA,3
843,GU,842,1,NAT,NA,NA,0,NA,6,NA,3
844,GU,843,0,NAT,NA,NA,1,NA,9,G3_25C,3
845,GU,844,1,NAT,NA,NA,2,0.1545,4,G3_25C,3
846,GU,843,0,NAT,NA,NA,5,NA,7,G3_25C,3
847,GU,846,1,NAT,NA,NA,7,NA,4,G3_25C,3
848,GU,847,1,NAT,NA,NA,3,0.11,3,G3_25C,3
849,GU,843,0,NAT,NA,NA,3,NA,8,G3_25C,3
850,GU,849,1,NAT,NA,NA,11,NA,7,G3_25C,3
851,GU,850,1,NAT,NA,NA,7,0.2105,10,G3_25C,3
852,GU,850,0,NAT,NA,NA,4,0.1485,7,G3_25C,3
853,GU,836,0,NAT,NA,NA,0,NA,14,NA,3
854,GU,853,1,NAT,NA,NA,5,NA,17,G3_25A,3
855,GU,854,1,NAT,NA,NA,17,NA,18,G3_25A,3
856,GU,855,1,2020-09-12,2,2,18,0.4015,19,G3_25A,3
857,GU,855,0,NAT,NA,NA,9,0.208,13,G3_25A,3
858,GU,855,0,NAT,NA,NA,12,0.2595,17,G3_25A,3
859,GU,855,0,NAT,NA,NA,5,0.1585,11,G3_25A,3
860,GU,854,0,NAT,NA,NA,8,NA,13,G3_25A,3
861,GU,860,1,NAT,NA,NA,15,0.318,13,G3_25A,3
862,GU,853,0,NAT,NA,NA,8,NA,13,G3_25B,3
863,GU,862,1,NAT,NA,NA,7,NA,5,G3_25B,3
864,GU,863,1,NAT,NA,NA,5,0.1655,5,G3_25B,3
865,GU,835,0,NAT,NA,NA,0,NA,11,NA,3
866,GU,865,0,NAT,NA,NA,9,0.172,10,G3_25D,3
867,GU,834,0,NAT,NA,NA,0,NA,8,NA,3
868,GU,867,0,NAT,NA,NA,0,NA,4,NA,3
869,GU,868,1,NAT,NA,NA,0,NA,10,NA,3
870,GU,869,1,NAT,NA,NA,0,NA,4,NA,3
871,GU,870,1,NAT,NA,NA,8,NA,6,G3_25E,3
872,GU,871,1,NAT,NA,NA,9,NA,5,G3_25E,3
873,GU,872,0,NAT,NA,NA,5,0.143,5,G3_25E,3
874,GU,834,0,NAT,NA,NA,0,NA,8,NA,3
875,GU,874,1,NAT,NA,NA,0,NA,10,NA,3
876,GU,875,0,NAT,NA,NA,4,NA,5,G3_25F,3
877,GU,876,1,NAT,NA,NA,5,0.163,2,G3_25F,3
878,GU,833,0,NAT,NA,NA,6,0.1635,5,G3_25F,3
879,GU,748,1,NAT,NA,NA,0,NA,12,NA,3
880,GU,879,0,NAT,NA,NA,0,NA,5,NA,3
881,GU,880,1,NAT,NA,NA,0,NA,4,NA,3
882,GU,881,0,NAT,NA,NA,0,NA,4,NA,3
883,GU,882,1,NAT,NA,NA,0,NA,6,NA,3
884,GU,883,1,NAT,NA,NA,0,NA,10,NA,3
885,GU,884,1,NAT,NA,NA,0,NA,8,NA,3
886,GU,885,0,NAT,NA,NA,0,NA,3,NA,3
887,GU,886,1,NAT,NA,NA,7,0.23,6,G3_26A,3
888,GU,885,0,NAT,NA,NA,4,0.14,4,G3_26A,3
889,GU,885,0,NAT,NA,NA,5,NA,7,G3_26A,3
890,GU,889,1,NAT,NA,NA,10,NA,5,G3_26A,3
891,GU,890,1,2020-09-12,2,2,14,0.336,11,G3_26A,3
892,GU,748,0,NAT,NA,NA,7,0.1825,12,G3_26B,3
893,GU,739,1,NAT,NA,NA,0,NA,14,NA,3
894,GU,893,0,NAT,NA,NA,0,NA,10,NA,3
895,GU,894,0,NAT,NA,NA,0,NA,12,NA,3
896,GU,895,1,NAT,NA,NA,0,NA,7,NA,3
897,GU,896,1,NAT,NA,NA,11,NA,12,G3_27A,3
898,GU,897,1,NAT,NA,NA,15,NA,9,G3_27A,3
899,GU,898,1,2020-09-12,1,1,12,0.3395,16,G3_27A,3
900,GU,894,0,NAT,NA,NA,0,NA,14,NA,3
901,GU,900,1,NAT,NA,NA,14,0.611,17,G3_27B,3
902,GU,901,0,NAT,NA,NA,3,NA,6,G3_27B,3
903,GU,902,1,NAT,NA,NA,3,0.2275,7,G3_27B,3
904,GU,901,0,NAT,NA,NA,8,NA,9,G3_27B,3
905,GU,904,1,NAT,NA,NA,3,0.222,5,G3_27B,3
906,GU,893,0,NAT,NA,NA,0,NA,11,NA,3
907,GU,906,1,NAT,NA,NA,2,NA,11,G3_28A,3
908,GU,907,1,NAT,NA,NA,3,1.1275,12,G3_28A,3
909,GU,908,0,NAT,NA,NA,2,NA,5,G3_28A,3
910,GU,909,1,NAT,NA,NA,0,NA,7,NA,3
911,GU,910,1,NAT,NA,NA,8,NA,4,G3_28A,3
912,GU,911,1,2020-09-12,1,1,8,0.3295,9,G3_28A,3
913,GU,908,0,NAT,NA,NA,6,0.17,12,G3_28B,3
914,GU,908,0,NAT,NA,NA,6,0.2245,14,G3_28B,3
915,GU,908,0,NAT,NA,NA,9,0.2475,14,G3_28B,3
916,GU,908,0,NAT,NA,NA,2,0.227,4,G3_28B,3
917,GU,908,0,NAT,NA,NA,4,NA,5,G3_28B,3
918,GU,917,0,NAT,NA,NA,5,0.1925,9,G3_28B,3
919,GU,906,0,NAT,NA,NA,1,0.232,7,G3_28B,3
920,GU,893,0,NAT,NA,NA,0,NA,7,NA,3
921,GU,920,1,NAT,NA,NA,0,NA,5,NA,3
922,GU,921,1,NAT,NA,NA,0,NA,15,NA,3
923,GU,922,1,NAT,NA,NA,0,0.7535,10,NA,3
924,GU,923,0,NAT,NA,NA,5,NA,6,G3_36C,3
925,GU,924,1,NAT,NA,NA,12,NA,10,G3_36C,3
926,GU,925,1,NAT,NA,NA,8,0.2975,12,G3_36C,3
927,GU,922,0,NAT,NA,NA,2,0.182,7,G3_36B,3
928,GU,922,0,NAT,NA,NA,1,NA,9,G3_36B,3
929,GU,928,1,NAT,NA,NA,3,NA,6,G3_36A,3
930,GU,929,0,2020-09-12,2,2,9,0.316,12,G3_36A,3
931,GU,929,0,NAT,NA,NA,6,0.24,11,G3_36A,3
932,GU,922,0,NAT,NA,NA,0,NA,5,NA,3
933,GU,932,1,NAT,NA,NA,4,0.168,5,G3_36B,3
934,GU,922,0,NAT,NA,NA,2,NA,9,G3_36B,3
935,GU,934,1,NAT,NA,NA,1,0.154,2,G3_36B,3
936,GU,920,0,NAT,NA,NA,1,NA,12,G3_27B,3
937,GU,936,1,NAT,NA,NA,4,NA,5,G3_27B,3
938,GU,937,1,NAT,NA,NA,4,0.144,3,G3_27B,3
939,GU,739,0,NAT,NA,NA,0,NA,9,NA,3
940,GU,939,1,NAT,NA,NA,0,NA,15,NA,3
941,GU,940,0,NAT,NA,NA,7,0.196,6,G3_27C,3
942,GU,940,0,NAT,NA,NA,5,0.163,4,G3_27C,3
943,GU,749,1,NAT,NA,NA,0,NA,10,NA,3
944,GU,943,1,NAT,NA,NA,0,NA,8,NA,3
945,GU,944,1,NAT,NA,NA,0,NA,8,NA,3
946,GU,945,1,NAT,NA,NA,0,1.2955,9,NA,3
947,GU,946,0,NAT,NA,NA,0,NA,10,NA,3
948,GU,947,1,NAT,NA,NA,0,NA,6,NA,3
949,GU,948,0,NAT,NA,NA,1,0.171,4,G3_32D,3
950,GU,948,0,NAT,NA,NA,2,NA,7,G3_32D,3
951,GU,948,0,NAT,NA,NA,2,0.165,7,G3_32D,3
952,GU,950,1,NAT,NA,NA,3,NA,6,G3_32D,3
953,GU,952,1,NAT,NA,NA,11,0.215,10,G3_32D,3
954,GU,946,0,NAT,NA,NA,2,0.228,11,G3_32D,3
955,GU,946,0,NAT,NA,NA,0,NA,13,NA,3
956,GU,955,1,NAT,NA,NA,0,NA,10,NA,3
957,GU,956,0,NAT,NA,NA,0,NA,8,NA,3
958,GU,957,1,NAT,NA,NA,3,NA,7,G3_32G,3
959,GU,958,1,NAT,NA,NA,10,0.2,8,G3_32G,3
960,GU,956,0,NAT,NA,NA,0,NA,10,NA,3
961,GU,960,1,NAT,NA,NA,6,NA,8,G3_32G,3
962,GU,961,0,NAT,NA,NA,1,0.127,4,G3_32G,3
963,GU,961,0,NAT,NA,NA,9,0.196,10,G3_32G,3
964,GU,961,0,NAT,NA,NA,3,0.1455,7,G3_32G,3
965,GU,956,0,NAT,NA,NA,0,NA,8,NA,3
966,GU,965,1,NAT,NA,NA,1,NA,8,G3_32F,3
967,GU,966,1,NAT,NA,NA,18,NA,20,G3_32F,3
968,GU,967,1,NAT,NA,NA,14,0.33,15,G3_32F,3
969,GU,966,0,NAT,NA,NA,10,0.226,15,G3_32F,3
970,GU,966,0,NAT,NA,NA,7,0.171,11,G3_32F,3
971,GU,966,0,2020-09-12,1,1,11,0.303,12,G3_32F,3
972,GU,955,0,NAT,NA,NA,0,NA,8,NA,3
973,GU,972,1,NAT,NA,NA,3,NA,6,G3_32E,3
974,GU,973,1,NAT,NA,NA,5,0.182,6,G3_32E,3
975,GU,972,0,NAT,NA,NA,1,0.143,5,G3_32E,3
976,GU,946,0,NAT,NA,NA,0,NA,13,NA,3
977,GU,976,1,NAT,NA,NA,0,NA,16,NA,3
978,GU,977,1,NAT,NA,NA,0,NA,4,NA,3
979,GU,978,0,NAT,NA,NA,0,NA,5,NA,3
980,GU,979,1,NAT,NA,NA,4,NA,6,G3_29B,3
981,GU,980,1,NAT,NA,NA,8,NA,4,G3_29B,3
982,GU,981,1,NAT,NA,NA,6,0.184,8,G3_29B,3
983,GU,978,0,NAT,NA,NA,0,NA,9,NA,3
984,GU,983,1,NAT,NA,NA,9,0.69,11,G3_29D,3
985,GU,984,0,NAT,NA,NA,7,0.1515,10,G3_29D,3
986,GU,984,0,NAT,NA,NA,7,0.1845,10,G3_29D,3
987,GU,984,0,NAT,NA,NA,7,0.1725,12,G3_29D,3
988,GU,984,0,NAT,NA,NA,9,0.21,1,G3_29D,3
989,GU,984,0,NAT,NA,NA,8,0.205,15,G3_29D,3
990,GU,984,0,NAT,NA,NA,4,0.188,6,G3_29D,3
991,GU,978,0,NAT,NA,NA,0,NA,8,NA,3
992,GU,991,1,NAT,NA,NA,2,NA,7,G3_31A,3
993,GU,992,0,NAT,NA,NA,13,NA,22,G3_31A,3
994,GU,993,1,2020-09-12,1,1,14,0.406,19,G3_31A,3
995,GU,992,0,2020-09-12,1,1,7,0.3385,16,G3_31A,3
996,GU,992,0,NAT,NA,NA,9,0.2875,17,G3_31A,3
997,GU,992,0,NAT,NA,NA,10,NA,17,G3_31A,3
998,GU,997,1,NAT,NA,NA,12,0.3475,18,G3_31A,3
999,GU,992,0,NAT,NA,NA,8,0.242,18,G3_31A,3
1000,GU,977,0,NAT,NA,NA,0,NA,9,NA,3
1001,GU,1000,1,NAT,NA,NA,2,NA,6,G3_29C,3
1002,GU,1001,1,NAT,NA,NA,3,0.1615,5,G3_29C,3
1003,GU,977,0,NAT,NA,NA,0,NA,7,NA,3
1004,GU,1003,1,NAT,NA,NA,6,NA,9,G3_29B,3
1005,GU,1004,1,NAT,NA,NA,11,NA,13,G3_29B,3
1006,GU,1005,1,NAT,NA,NA,14,NA,20,G3_29A,3
1007,GU,1006,0,2020-09-12,2,2,6,0.3155,12,G3_29A,3
1008,GU,1006,0,NAT,NA,NA,16,0.365,17,G3_29A,3
1009,GU,1006,0,NAT,NA,NA,1,0.1855,11,G3_29A,3
1010,GU,976,0,NAT,NA,NA,0,NA,8,NA,3
1011,GU,1010,0,NAT,NA,NA,1,NA,10,G3_29E,3
1012,GU,1011,1,NAT,NA,NA,0,NA,3,NA,3
1013,GU,1012,1,NAT,NA,NA,9,NA,5,G3_29E,3
1014,GU,1013,1,NAT,NA,NA,6,0.19,7,G3_29E,3
1015,GU,1010,0,NAT,NA,NA,0,NA,9,NA,3
1016,GU,1015,1,NAT,NA,NA,6,NA,5,G3_29E,3
1017,GU,1016,1,NAT,NA,NA,14,NA,9,G3_29E,3
1018,GU,1017,1,NAT,NA,NA,11,0.307,13,G3_29E,3
1019,GU,945,0,NAT,NA,NA,0,NA,2,NA,3
1020,GU,1019,1,NAT,NA,NA,0,NA,10,NA,3
1021,GU,1020,1,NAT,NA,NA,0,NA,10,NA,3
1022,GU,1021,0,NAT,NA,NA,5,0.186,5,G3_30B,3
1023,GU,1021,0,NAT,NA,NA,0,NA,7,NA,3
1024,GU,1023,1,NAT,NA,NA,4,0.161,6,G3_30B,3
1025,GU,1021,0,NAT,NA,NA,4,NA,8,G3_30B,3
1026,GU,1025,0,NAT,NA,NA,4,0.1685,6,G3_30B,3
1027,GU,945,0,NAT,NA,NA,0,NA,4,NA,3
1028,GU,1027,1,NAT,NA,NA,0,NA,17,NA,3
1029,GU,1028,0,NAT,NA,NA,0,NA,12,NA,3
1030,GU,1029,1,NAT,NA,NA,0,NA,10,NA,3
1031,GU,1030,1,NAT,NA,NA,4,NA,7,G3_30A,3
1032,GU,1031,0,2020-09-12,1,1,7,0.283,12,G3_30A,3
1033,GU,1031,0,2020-09-12,1,1,2,0.2615,7,G3_30A,3
1034,GU,1031,0,NAT,NA,NA,10,NA,6,G3_30A,3
1035,GU,1034,1,NAT,NA,NA,11,0.306,15,G3_30A,3
1036,GU,1029,0,NAT,NA,NA,0,NA,12,NA,3
1037,GU,1036,1,NAT,NA,NA,1,0.163,4,G3_30A,3
1038,GU,1029,0,NAT,NA,NA,1,NA,12,G3_30A,3
1039,GU,1038,0,NAT,NA,NA,1,0.1545,5,G3_30A,3
1040,GU,1038,0,NAT,NA,NA,6,0.194,7,G3_30A,3
1041,GU,1028,0,NAT,NA,NA,0,NA,7,NA,3
1042,GU,1041,0,NAT,NA,NA,0,NA,4,NA,3
1043,GU,1042,1,NAT,NA,NA,1,NA,9,G3_32C,3
1044,GU,1043,1,NAT,NA,NA,2,NA,7,G3_32C,3
1045,GU,1044,1,NAT,NA,NA,5,0.199,5,G3_32C,3
1046,GU,1028,0,NAT,NA,NA,0,NA,9,NA,3
1047,GU,1046,0,NAT,NA,NA,1,NA,9,G3_32B,3
1048,GU,1047,1,NAT,NA,NA,3,0.695,9,G3_32B,3
1049,GU,1046,0,NAT,NA,NA,0,NA,10,NA,3
1050,GU,1049,1,NAT,NA,NA,4,NA,10,G3_32B,3
1051,GU,1050,1,NAT,NA,NA,14,NA,20,G3_32A,3
1052,GU,1051,1,NAT,NA,NA,9,0.346,15,G3_32A,3
1053,GU,1050,0,2020-09-12,2,2,11,0.3805,15,G3_32A,3
1054,GU,1050,0,NAT,NA,NA,5,0.2115,14,G3_32A,3
1055,GU,1050,0,NAT,NA,NA,4,0.1515,7,G3_32A,3
1056,GU,1050,0,NAT,NA,NA,4,0.2335,11,G3_32A,3
1057,GU,1050,0,NAT,NA,NA,13,0.3375,15,G3_32A,3
1058,GU,1050,0,NAT,NA,NA,14,0.2265,12,G3_32A,3
1059,GU,727,1,NAT,NA,NA,0,2.95,22,NA,3
1060,GU,1059,1,NAT,NA,NA,0,2.65,5,NA,3
1061,GU,1060,0,NAT,NA,NA,0,2.327,20,NA,3
1062,branch_empty,1060,0,NAT,NA,NA,0,0.95,NA,NA,3
1063,branch_empty,1060,0,NAT,NA,NA,0,1.85,NA,NA,3
1064,GU,727,0,NAT,NA,NA,0,1.779,11,NA,3
1065,GU,1061,0,NAT,NA,NA,0,2.2995,18,NA,3
1066,GU,1065,0,NAT,NA,NA,0,NA,12,NA,3
1067,GU,1066,1,NAT,NA,NA,0,1.9895,8,NA,3
1068,branch,1065,0,NAT,NA,NA,NA,1.485,NA,NA,3
1069,branch,1061,0,NAT,NA,NA,NA,0.297,NA,NA,3
1070,GU,1067,1,NAT,NA,NA,0,NA,9,NA,3
1071,branch,1070,0,NAT,NA,NA,NA,0.37,NA,NA,3
1072,branch,1070,0,2020-09-12,1,1,NA,1.393,NA,NA,3
1073,branch,1070,0,2020-09-12,2,2,NA,1.2765,NA,NA,3
1074,GU,1067,0,NAT,NA,NA,0,0.9135,16,NA,3
1075,GU,1074,1,NAT,NA,NA,0,NA,7,NA,3
1076,GU,1075,1,NAT,NA,NA,3,NA,15,G3_35B,3
1077,GU,1076,1,NAT,NA,NA,6,NA,14,G3_35B,3
1078,GU,1077,1,NAT,NA,NA,12,NA,11,G3_35B,3
1079,GU,1078,0,2020-09-12,1,1,5,0.23,10,G3_35B,3
1080,GU,1078,0,2020-09-12,1,1,4,0.232,6,G3_35B,3
1081,GU,1078,0,NAT,NA,NA,6,0.239,8,G3_35B,3
1082,GU,1078,0,NAT,NA,NA,7,NA,13,G3_35B,3
1083,GU,1082,0,NAT,NA,NA,18,0.4145,20,G3_35A,3
1084,GU,1077,0,NAT,NA,NA,7,NA,9,G3_35B,3
1085,GU,1084,1,NAT,NA,NA,4,0.1675,6,G3_35B,3
1086,GU,1077,0,NAT,NA,NA,7,0.19,10,G3_35B,3
1087,GU,1064,1,NAT,NA,NA,0,NA,7,NA,3
1088,GU,1087,1,NAT,NA,NA,0,NA,6,NA,3
1089,GU,1088,1,NAT,NA,NA,0,NA,9,NA,3
1090,GU,1089,1,NAT,NA,NA,0,NA,9,NA,3
1091,GU,1090,1,NAT,NA,NA,0,NA,10,NA,3
1092,GU,1091,1,NAT,NA,NA,0,NA,7,NA,3
1093,GU,1092,0,NAT,NA,NA,0,NA,5,NA,3
1094,GU,1093,1,NAT,NA,NA,0,NA,5,NA,3
1095,GU,1094,1,NAT,NA,NA,0,NA,19,NA,3
1096,GU,1095,1,NAT,NA,NA,4,NA,4,G3_34A,3
1097,GU,1096,0,NAT,NA,NA,9,NA,10,G3_34A,3
1098,GU,1097,1,NAT,NA,NA,11,0.2805,7,G3_34A,3
1099,GU,1096,0,NAT,NA,NA,6,0.167,7,G3_34A,3
1100,GU,1096,0,NAT,NA,NA,16,0.2775,14,G3_34A,3
1101,GU,1094,0,NAT,NA,NA,2,0.2195,12,G3_34A,3
1102,GU,1091,0,NAT,NA,NA,0,NA,13,NA,3
1103,GU,1102,1,NAT,NA,NA,0,NA,8,NA,3
1104,GU,1103,1,NAT,NA,NA,0,NA,5,NA,3
1105,GU,1104,0,NAT,NA,NA,6,0.1715,7,G3_34B,3
1106,GU,1104,0,NAT,NA,NA,5,0.21,7,G3_34B,3
1107,GU,1104,0,NAT,NA,NA,5,0.1815,6,G3_34B,3
1108,GU,1091,0,NAT,NA,NA,0,NA,12,NA,3
1109,GU,1108,1,NAT,NA,NA,6,NA,18,G3_34D,3
1110,GU,1109,1,NAT,NA,NA,0,NA,8,NA,3
1111,GU,1110,1,NAT,NA,NA,11,NA,12,G3_34C,3
1112,GU,1111,0,NAT,NA,NA,9,0.197,9,G3_34C,3
1113,GU,1111,0,NAT,NA,NA,11,NA,12,G3_34C,3
1114,GU,1113,1,NAT,NA,NA,10,0.3235,11,G3_34C,3
1115,GU,1091,0,NAT,NA,NA,0,NA,5,NA,3
1116,GU,1115,1,NAT,NA,NA,0,NA,9,NA,3
1117,GU,1116,1,NAT,NA,NA,0,NA,11,NA,3
1118,GU,1117,1,NAT,NA,NA,NA,NA,8,NA,3
1119,GU,1118,1,NAT,NA,NA,0,NA,4,NA,3
1120,GU,1119,1,NAT,NA,NA,1,NA,4,G3_34F,3
1121,GU,1120,1,NAT,NA,NA,10,NA,5,G3_34F,3
1122,GU,1121,1,2020-09-12,1,1,10,0.359,9,G3_34F,3
1123,GU,1116,0,NAT,NA,NA,0,NA,8,NA,3
1124,GU,1123,1,NAT,NA,NA,0,NA,15,NA,3
1125,GU,1124,0,NAT,NA,NA,2,0.145,5,G3_34F,3
1126,GU,1124,0,NAT,NA,NA,6,0.141,7,G3_34F,3
1127,GU,1124,0,NAT,NA,NA,9,0.2025,8,G3_34F,3
1128,GU,1116,0,NAT,NA,NA,0,NA,10,NA,3
1129,GU,1128,1,NAT,NA,NA,0,NA,13,NA,3
1130,GU,1129,1,NAT,NA,NA,0,NA,2,NA,3
1131,GU,1130,0,NAT,NA,NA,0,NA,4,NA,3
1132,GU,1131,1,NAT,NA,NA,2,0.1205,3,G3_34E,3
1133,GU,1130,0,NAT,NA,NA,0,NA,7,NA,3
1134,GU,1133,0,NAT,NA,NA,5,0.162,6,G3_34E,3
1135,GU,1133,0,NAT,NA,NA,8,0.22,6,G3_34E,3
1136,GU,1115,0,NAT,NA,NA,0,NA,8,NA,3
1137,GU,1136,1,NAT,NA,NA,2,NA,13,G3_34D,3
1138,GU,1137,1,NAT,NA,NA,6,0.1705,4,G3_34D,3
1139,scaffold,558,0,NAT,NA,NA,0,5.41,44,NA,3
