id,type,parent_id,scaffold_id,topology__is_apical,arch_dev__pot_flowering_date,arch_dev__pot_nb_inflo,arch_dev__pot_nb_fruit,id_fruit,fruit_fresh_mass,fruit_dry_mass,growth__nb_leaf,growth__radius_gu,appearance__final_length_gu,environment_id,light_interception__sunlit_fraction_col
0,trunk,NA,NA,NA,NAT,NA,NA,,NA,NA,0,14.3,68,NA,3
1,scaffold,0,1,0,NAT,NA,NA,,NA,NA,0,6.21,29,NA,3
2,scaffold,1,1,1,NAT,NA,NA,,NA,NA,0,5.9,66,NA,3
3,GU,2,1,0,NAT,NA,NA,,NA,NA,0,2.1085,12,NA,3
4,multiple_GU,2,1,1,NaT,NA,NA,,NA,NA,0,4.6,61,NA,3
5,multiple_GU,4,1,0,NaT,NA,NA,,NA,NA,0,3.35,41,NA,3
6,branch_empty,4,1,0,NaT,NA,NA,,NA,NA,0,2.9,20,NA,3
7,branch_empty,4,1,0,NaT,NA,NA,,NA,NA,0,2.9,20,NA,3
8,GU,5,1,0,NAT,NA,NA,,NA,NA,0,2.613,20,NA,3
9,branch_empty,5,1,0,NAT,NA,NA,,NA,NA,0,2.52963603544659,20,NA,3
10,GU,8,1,1,NAT,NA,NA,,NA,NA,0,2.6,22,NA,3
11,branch_empty,8,1,0,NAT,NA,NA,,NA,NA,0,0.85,20,NA,3
12,branch_empty,10,1,0,NAT,NA,NA,,NA,NA,0,1.75,20,NA,3
13,GU,10,1,0,NAT,NA,NA,,NA,NA,0,1.7705,18,NA,3
14,GU,13,1,1,NAT,NA,NA,,NA,NA,0,1.22298222563672,20,NA,3
15,GU,14,1,1,NAT,NA,NA,,NA,NA,0,1.42099283198016,7,NA,3
16,GU,15,1,1,NAT,NA,NA,,NA,NA,0,1.49984213345175,10,NA,3
17,GU,16,1,1,NAT,NA,NA,,NA,NA,0,1.4385,15,NA,3
18,GU,17,1,0,NAT,NA,NA,,NA,NA,0,0.7885,18,NA,3
19,GU,17,1,0,NAT,NA,NA,,NA,NA,0,1.186,15,NA,3
20,GU,17,1,0,NAT,NA,NA,,NA,NA,0,0.395391316224504,12,NA,3
21,GU,20,1,0,NAT,NA,NA,,NA,NA,7,0.1665,10,G3_02F,3
22,GU,20,1,0,NAT,NA,NA,,NA,NA,8,0.164,9,G3_02F,3
23,GU,20,1,0,NAT,NA,NA,,NA,NA,6,0.1985,10,G3_02F,3
24,GU,17,1,0,NAT,NA,NA,,NA,NA,0,0.325298790777645,10,NA,3
25,GU,24,1,0,NAT,NA,NA,,NA,NA,8,0.2075,9,G3_02F,3
26,GU,24,1,0,NAT,NA,NA,,NA,NA,5,0.1415,6,G3_02F,3
27,GU,17,1,0,NAT,NA,NA,,NA,NA,0,0.564968732405962,15,NA,3
28,GU,27,1,0,NAT,NA,NA,,NA,NA,5,0.323449689307105,9,G3_02G,3
29,GU,28,1,1,NAT,NA,NA,,NA,NA,3,0.266960558702376,12,G3_02G,3
30,GU,29,1,1,NAT,NA,NA,,NA,NA,8,0.2005,10,G3_02G,3
31,GU,27,1,0,NAT,NA,NA,,NA,NA,0,0.459477967134276,5,NA,3
32,GU,31,1,1,NAT,NA,NA,,NA,NA,12,0.412885750795406,9,G3_02G,3
33,GU,32,1,1,NAT,NA,NA,,NA,NA,12,0.364160476559009,16,G3_02G,3
34,GU,33,1,1,NAT,NA,NA,,NA,NA,15,0.312,18,G3_02G,3
35,GU,15,1,0,NAT,NA,NA,,NA,NA,0,0.28159273443735,8,NA,3
36,GU,35,1,0,NAT,NA,NA,,NA,NA,0,0.218350834903109,6,NA,3
37,GU,36,1,1,NAT,NA,NA,,NA,NA,5,0.135,4,G3_02H,3
38,GU,14,1,0,NAT,NA,NA,,NA,NA,0,0.357654204880257,8,NA,3
39,GU,38,1,1,NAT,NA,NA,,NA,NA,0,0.304908677945377,8,NA,3
40,GU,39,1,0,NAT,NA,NA,,NA,NA,4,0.1425,3,G3_02H,3
41,GU,39,1,0,NAT,NA,NA,,NA,NA,4,0.166,4,G3_02H,3
42,GU,14,1,0,NAT,NA,NA,,NA,NA,0,0.422168356392328,10,NA,3
43,GU,42,1,1,NAT,NA,NA,,NA,NA,0,0.373943145619643,7,NA,3
44,GU,43,1,1,NAT,NA,NA,,NA,NA,5,0.322599014564652,3,G3_02H,3
45,GU,44,1,1,NAT,NA,NA,,NA,NA,9,0.266,8,G3_02H,3
46,GU,18,1,0,NAT,NA,NA,,NA,NA,0,0.433858689423633,6,NA,3
47,GU,46,1,1,NAT,NA,NA,,NA,NA,14,0.328371298651214,17,G3_02E,3
48,GU,47,1,1,NAT,NA,NA,,NA,NA,15,0.2725,15,G3_02E,3
49,GU,46,1,0,NAT,NA,NA,,NA,NA,2,0.128,7,G3_02E,3
50,GU,46,1,0,NAT,NA,NA,,NA,NA,5,0.1515,9,G3_02E,3
51,GU,18,1,0,NAT,NA,NA,,NA,NA,0,0.7135,9,NA,3
52,GU,51,1,1,NAT,NA,NA,,NA,NA,3,0.475038725732394,17,G3_02D,3
53,GU,52,1,1,NAT,NA,NA,,NA,NA,17,0.333731575151475,22,G3_02D,3
54,GU,53,1,1,NAT,NA,NA,,NA,NA,16,0.2785,13,G3_02D,3
55,GU,52,1,0,NAT,NA,NA,,NA,NA,11,0.2185,16,G3_02D,3
56,GU,52,1,0,NAT,NA,NA,,NA,NA,9,0.2245,15,G3_02D,3
57,GU,51,1,0,NAT,NA,NA,,NA,NA,0,0.44131737583522,17,NA,3
58,GU,57,1,1,2020-09-12,2,2,2.2a,NA,NA,18,0.394,23,G3_02A,3
59,GU,51,1,0,NAT,NA,NA,,NA,NA,2,0.347257194294207,12,G3_02C,3
60,GU,59,1,1,NAT,NA,NA,,NA,NA,15,0.2935,19,G3_02C,3
61,GU,51,1,0,NAT,NA,NA,,NA,NA,9,0.339121087682091,15,G3_02B,3
62,GU,61,1,1,NAT,NA,NA,,NA,NA,16,0.2845,18,G3_02B,3
63,GU,19,1,0,NAT,NA,NA,,NA,NA,3,0.8505,17,G3_03E,3
64,GU,63,1,1,NAT,NA,NA,,NA,NA,0,0.757592950397373,6,NA,3
65,GU,64,1,1,NAT,NA,NA,,NA,NA,9,0.665661328612377,18,G3_03B,3
66,GU,65,1,0,NAT,NA,NA,,NA,NA,11,0.3065,24,G3_03A,3
67,GU,65,1,0,NAT,NA,NA,,NA,NA,11,0.2245,18,G3_03A,3
68,GU,65,1,0,NAT,NA,NA,,NA,NA,18,0.3725,30,G3_03A,3
69,GU,65,1,0,2020-09-12,2,2,3b.3a,NA,NA,7,0.3075,20,G3_03A,3
70,GU,65,1,0,NAT,NA,NA,,NA,NA,10,0.279,22,G3_03A,3
71,GU,65,1,0,2020-09-12,1,1,3,NA,NA,10,0.341,25,G3_03A,3
72,GU,64,1,0,NAT,NA,NA,,NA,NA,1,0.268576239414221,7,G3_03B,3
73,GU,72,1,1,NAT,NA,NA,,NA,NA,6,0.2025,12,G3_03B,3
74,GU,64,1,0,NAT,NA,NA,,NA,NA,1,0.274689636504337,8,G3_03B,3
75,GU,74,1,1,NAT,NA,NA,,NA,NA,8,0.21,11,G3_03B,3
76,GU,64,1,0,NAT,NA,NA,,NA,NA,2,0.446167792316686,13,G3_03C,3
77,GU,76,1,0,NAT,NA,NA,,NA,NA,10,0.206,16,G3_03C,3
78,GU,76,1,0,NAT,NA,NA,,NA,NA,12,0.2985,21,G3_03C,3
79,GU,76,1,0,NAT,NA,NA,,NA,NA,8,0.1835,13,G3_03C,3
80,GU,63,1,0,NAT,NA,NA,,NA,NA,5,0.1725,12,G3_03C,3
81,GU,19,1,0,NAT,NA,NA,,NA,NA,2,0.8545,15,G3_03E,3
82,GU,81,1,0,NAT,NA,NA,,NA,NA,4,0.290531616265915,10,G3_03E,3
83,GU,82,1,1,NAT,NA,NA,,NA,NA,9,0.229,15,G3_03E,3
84,GU,81,1,0,NAT,NA,NA,,NA,NA,11,0.416050089698205,16,G3_03F,3
85,GU,84,1,1,NAT,NA,NA,,NA,NA,18,0.3675,22,G3_03F,3
86,GU,81,1,0,NAT,NA,NA,,NA,NA,0,0.723750448555702,6,G3_03D,3
87,GU,86,1,1,NAT,NA,NA,,NA,NA,9,0.441210535447926,17,G3_03D,3
88,GU,87,1,1,NAT,NA,NA,,NA,NA,13,0.393888521962858,27,G3_03D,3
89,GU,88,1,1,NAT,NA,NA,,NA,NA,0,0.344,15,G3_03D,3
90,GU,86,1,0,NAT,NA,NA,,NA,NA,13,0.345443977404564,23,G3_03D,3
91,GU,90,1,1,NAT,NA,NA,,NA,NA,4,0.2915,12,G3_03D,3
92,GU,86,1,0,NAT,NA,NA,,NA,NA,10,0.361404048701844,25,G3_03D,3
93,GU,92,1,1,NAT,NA,NA,,NA,NA,14,0.309,13,G3_03D,3
94,GU,86,1,0,NAT,NA,NA,,NA,NA,12,0.277983965303909,20,G3_03D,3
95,GU,94,1,1,NAT,NA,NA,,NA,NA,12,0.214,8,G3_03D,3
96,GU,86,1,0,NAT,NA,NA,,NA,NA,10,0.327925973621616,22,G3_03D,3
97,GU,96,1,1,NAT,NA,NA,,NA,NA,2,0.272,9,G3_03D,3
98,GU,86,1,0,NAT,NA,NA,,NA,NA,12,0.277158244091141,20,G3_03D,3
99,GU,98,1,1,NAT,NA,NA,,NA,NA,12,0.213,8,G3_03D,3
100,GU,3,1,1,NAT,NA,NA,,NA,NA,0,1.5017344953279,18,NA,3
101,GU,100,1,1,NAT,NA,NA,,NA,NA,0,1.59811548484314,13,NA,3
102,GU,101,1,1,NAT,NA,NA,,NA,NA,0,1.53390974738388,28,NA,3
103,GU,102,1,1,NAT,NA,NA,,NA,NA,0,1.62901673798996,6,NA,3
104,GU,103,1,1,NAT,NA,NA,,NA,NA,0,1.56389645536277,14,NA,3
105,GU,104,1,1,NAT,NA,NA,,NA,NA,0,1.49664115687199,17,NA,3
106,GU,105,1,1,NAT,NA,NA,,NA,NA,0,1.43539104639401,6,NA,3
107,GU,106,1,1,NAT,NA,NA,,NA,NA,0,1.37588483098791,4,NA,3
108,GU,107,1,1,NAT,NA,NA,,NA,NA,0,1.31803919010636,8,NA,3
109,GU,108,1,1,NAT,NA,NA,,NA,NA,0,1.26177160083895,18,NA,3
110,GU,109,1,1,NAT,NA,NA,,NA,NA,2,1.207,9,NA,3
111,GU,104,1,0,NAT,NA,NA,,NA,NA,0,0.770703876843331,9,NA,3
112,GU,111,1,1,NAT,NA,NA,,NA,NA,0,0.769030084088651,3,NA,3
113,GU,112,1,1,NAT,NA,NA,,NA,NA,0,0.7565,9,NA,3
114,GU,113,1,0,NAT,NA,NA,,NA,NA,6,0.2365,15,G3_01J,3
115,GU,112,1,0,NAT,NA,NA,,NA,NA,7,0.2565,16,G3_01J,3
116,GU,111,1,0,NAT,NA,NA,,NA,NA,3,0.223,12,G3_01J,3
117,GU,102,1,0,NAT,NA,NA,,NA,NA,7,0.265,12,G3_01K,3
118,GU,100,1,0,NAT,NA,NA,,NA,NA,10,0.233,9,G3_01L,3
119,GU,3,1,0,NAT,NA,NA,,NA,NA,11,0.385,18,G3_01L,3
120,GU,3,1,0,NAT,NA,NA,,NA,NA,1,0.22,8,G3_01L,3
121,GU,110,1,1,NAT,NA,NA,,NA,NA,0,1.0485,20,NA,3
122,GU,121,1,0,NAT,NA,NA,,NA,NA,0,0.383843241205637,14,NA,3
123,GU,122,1,0,NAT,NA,NA,,NA,NA,5,0.1615,6,G3_01C,3
124,GU,122,1,0,NAT,NA,NA,,NA,NA,8,0.293526075637428,8,G3_01C,3
125,GU,124,1,1,NAT,NA,NA,,NA,NA,3,0.232529917040119,4,G3_01C,3
126,GU,125,1,1,NAT,NA,NA,,NA,NA,3,0.1555,2,G3_01C,3
127,GU,121,1,0,NAT,NA,NA,,NA,NA,0,0.388381810846669,11,NA,3
128,GU,127,1,1,NAT,NA,NA,,NA,NA,0,0.338117251191912,5,NA,3
129,GU,128,1,1,NAT,NA,NA,,NA,NA,6,0.283384847101402,9,G3_01B,3
130,GU,129,1,1,NAT,NA,NA,,NA,NA,7,0.2205,6,G3_01B,3
131,GU,121,1,0,NAT,NA,NA,,NA,NA,0,0.516200953863157,18,NA,3
132,GU,131,1,0,NAT,NA,NA,,NA,NA,3,0.339246532640534,6,G3_01A,3
133,GU,132,1,1,NAT,NA,NA,,NA,NA,3,0.284639280380774,6,G3_01A,3
134,GU,133,1,1,NAT,NA,NA,,NA,NA,9,0.222,7,G3_01A,3
135,GU,131,1,0,NAT,NA,NA,,NA,NA,5,0.371774174782091,10,G3_01A,3
136,GU,135,1,1,NAT,NA,NA,,NA,NA,8,0.32025529542316,6,G3_01A,3
137,GU,136,1,1,NAT,NA,NA,,NA,NA,12,0.263348653442703,9,G3_01A,3
138,GU,137,1,1,NAT,NA,NA,,NA,NA,2,0.196,5,G3_01A,3
139,GU,110,1,0,NAT,NA,NA,,NA,NA,0,0.363483836620662,10,NA,3
140,GU,139,1,1,NAT,NA,NA,,NA,NA,0,0.311264140652669,8,NA,3
141,GU,140,1,1,NAT,NA,NA,,NA,NA,3,0.253107258235881,4,G3_01F,3
142,GU,141,1,1,NAT,NA,NA,,NA,NA,6,0.183,5,G3_01F,3
143,GU,110,1,0,NAT,NA,NA,,NA,NA,0,0.303623354386047,11,NA,3
144,GU,143,1,0,NAT,NA,NA,,NA,NA,2,0.244308851196768,5,G3_01E,3
145,GU,144,1,1,NAT,NA,NA,,NA,NA,5,0.1715,4,G3_01E,3
146,GU,110,1,0,NAT,NA,NA,,NA,NA,0,0.456646735111455,12,NA,3
147,GU,146,1,1,NAT,NA,NA,,NA,NA,1,0.409949403630085,16,G3_01D,3
148,GU,147,1,0,NAT,NA,NA,,NA,NA,4,0.149,6,G3_01D,3
149,GU,147,1,0,NAT,NA,NA,,NA,NA,0,0.338493245797,4,NA,3
150,GU,149,1,1,NAT,NA,NA,,NA,NA,10,0.283802661950315,8,G3_01D,3
151,GU,150,1,1,NAT,NA,NA,,NA,NA,8,0.221,4,G3_01D,3
152,GU,110,1,0,NAT,NA,NA,,NA,NA,0,0.7375,15,NA,3
153,GU,152,1,0,NAT,NA,NA,,NA,NA,0,0.315369020494189,14,NA,3
154,GU,153,1,1,NAT,NA,NA,,NA,NA,4,0.257797166443087,7,G3_01I,3
155,GU,154,1,1,NAT,NA,NA,,NA,NA,7,0.189,4,G3_01I,3
156,GU,152,1,0,NAT,NA,NA,,NA,NA,0,0.39414631349462,15,NA,3
157,GU,156,1,1,NAT,NA,NA,,NA,NA,0,0.344274942759955,3,NA,3
158,GU,157,1,1,NAT,NA,NA,,NA,NA,3,0.290208828146199,8,G3_01H,3
159,GU,158,1,1,NAT,NA,NA,,NA,NA,4,0.228618419386726,3,G3_01H,3
160,GU,159,1,1,NAT,NA,NA,,NA,NA,6,0.15,3,G3_01H,3
161,GU,152,1,0,NAT,NA,NA,,NA,NA,0,0.574,18,G3_01G,3
162,GU,161,1,0,NAT,NA,NA,,NA,NA,0,0.44763649684038,10,NA,3
163,GU,162,1,1,NAT,NA,NA,,NA,NA,1,0.400585450252999,4,G3_01G,3
164,GU,163,1,0,NAT,NA,NA,,NA,NA,10,0.229,9,G3_01G,3
165,GU,163,1,0,2020-09-12,1,1,1,NA,NA,7,0.2745,9,G3_01G,3
166,GU,161,1,0,NAT,NA,NA,,NA,NA,1,0.1625,8,G3_01G,3
167,scaffold,0,167,0,NaT,NA,NA,,NA,NA,0,7.96,72,NA,3
168,scaffold,167,167,0,NaT,NA,NA,,NA,NA,0,5.57,135,NA,3
169,undefined,168,167,1,NaT,NA,NA,,NA,NA,0,4.1,20,NA,3
170,GU,169,167,1,NaT,NA,NA,,NA,NA,0,3.0775,18,NA,3
171,branch_empty,170,167,0,NaT,NA,NA,,NA,NA,0,2.75,20,NA,3
172,GU,170,167,0,NaT,NA,NA,,NA,NA,0,2.908,20,NA,3
173,branch,172,167,0,2020-09-12,4,4,7a.7b.7c.7d,NA,NA,394,1.7405,20,NA,3
174,GU,172,167,0,NaT,NA,NA,,NA,NA,0,1.796,16,NA,3
175,GU,172,167,0,NaT,NA,NA,,NA,NA,0,2.1895,7,NA,3
176,GU,175,167,1,NaT,NA,NA,,NA,NA,0,1.61088717336669,10,NA,3
177,GU,176,167,1,NaT,NA,NA,,NA,NA,0,1.54630420979123,7,NA,3
178,GU,177,167,1,NaT,NA,NA,,NA,NA,0,1.48361717870882,15,NA,3
179,GU,178,167,0,NaT,NA,NA,,NA,NA,0,1.4635,13,NA,3
180,GU,178,167,0,NaT,NA,NA,,NA,NA,0,0.73358167489361,17,NA,3
181,GU,180,167,1,NaT,NA,NA,,NA,NA,0,0.764322170236148,3,NA,3
182,GU,181,167,1,NaT,NA,NA,,NA,NA,0,0.719717790493649,10,NA,3
183,GU,182,167,1,NaT,NA,NA,,NA,NA,0,0.675523731466462,7,NA,3
184,GU,183,167,0,NaT,NA,NA,,NA,NA,0,0.498755657345507,10,NA,3
185,GU,184,167,0,NaT,NA,NA,,NA,NA,8,0.276333940383162,10,G3_04E,3
186,GU,184,167,0,NaT,NA,NA,,NA,NA,9,0.298624157088948,7,G3_04E,3
187,GU,184,167,0,NaT,NA,NA,,NA,NA,8,0.287156941728534,8,G3_04E,3
188,GU,183,167,0,NaT,NA,NA,,NA,NA,1,0.395515045417405,11,G3_04E,3
189,GU,188,167,0,NaT,NA,NA,,NA,NA,10,0.218683059642682,7,G3_04E,3
190,GU,189,167,1,NaT,NA,NA,,NA,NA,2,0.1355,2,G3_04E,3
191,GU,188,167,0,NaT,NA,NA,,NA,NA,6,0.153,8,G3_04E,3
192,GU,188,167,0,NaT,NA,NA,,NA,NA,5,0.1515,6,G3_04E,3
193,GU,183,167,0,NaT,NA,NA,,NA,NA,0,0.434308848057847,10,NA,3
194,GU,193,167,1,NaT,NA,NA,,NA,NA,8,0.287577675389945,8,G3_04E,3
195,GU,194,167,1,NaT,NA,NA,,NA,NA,11,0.2255,10,G3_04E,3
196,GU,193,167,0,NaT,NA,NA,,NA,NA,8,0.280054387584063,7,G3_04E,3
197,GU,196,167,1,NaT,NA,NA,,NA,NA,8,0.2165,8,G3_04E,3
198,GU,178,167,0,NaT,NA,NA,,NA,NA,0,0.905888546339243,13,NA,3
199,GU,198,167,1,NaT,NA,NA,,NA,NA,0,0.859212757156408,8,NA,3
200,GU,199,167,1,NaT,NA,NA,,NA,NA,0,0.813327311054137,12,NA,3
201,GU,200,167,0,NaT,NA,NA,,NA,NA,0,0.585274020405305,10,NA,3
202,GU,201,167,1,NaT,NA,NA,,NA,NA,2,0.541202111747895,8,G3_04E,3
203,GU,202,167,0,NaT,NA,NA,,NA,NA,0,0.377232441554977,7,NA,3
204,GU,203,167,1,NaT,NA,NA,,NA,NA,12,0.326146821788723,10,G3_04E,3
205,GU,204,167,1,2020-09-12,2,2,5b.5c,NA,NA,14,0.27,14,G3_04E,3
206,GU,202,167,0,NaT,NA,NA,,NA,NA,1,0.377232441554977,5,G3_04E,3
207,GU,206,167,1,NaT,NA,NA,,NA,NA,12,0.326146821788723,8,G3_04E,3
208,GU,207,167,1,NaT,NA,NA,,NA,NA,13,0.27,12,G3_04E,3
209,GU,200,167,0,NaT,NA,NA,,NA,NA,0,0.546068287612175,10,NA,3
210,GU,209,167,1,NaT,NA,NA,,NA,NA,2,0.501579753724811,6,G3_04E,3
211,GU,210,167,0,NaT,NA,NA,,NA,NA,1,0.334010307214352,6,G3_04E,3
212,GU,211,167,1,NaT,NA,NA,,NA,NA,8,0.278811091427304,8,G3_04E,3
213,GU,212,167,1,NaT,NA,NA,,NA,NA,10,0.215,11,G3_04E,3
214,GU,210,167,0,NaT,NA,NA,,NA,NA,4,0.352306556005864,7,G3_04E,3
215,GU,214,167,1,NaT,NA,NA,,NA,NA,10,0.299052988458709,11,G3_04E,3
216,GU,215,167,1,NaT,NA,NA,,NA,NA,13,0.239,12,G3_04E,3
217,GU,200,167,0,NaT,NA,NA,,NA,NA,0,0.543034372811829,10,NA,3
218,GU,217,167,0,NaT,NA,NA,,NA,NA,3,0.346486975945966,10,G3_04E,3
219,GU,218,167,1,NaT,NA,NA,,NA,NA,12,0.292650831246188,10,G3_04E,3
220,GU,219,167,1,NaT,NA,NA,,NA,NA,10,0.2315,12,G3_04E,3
221,GU,217,167,0,NaT,NA,NA,,NA,NA,0,0.408543548060261,10,NA,3
222,GU,221,167,1,NaT,NA,NA,,NA,NA,5,0.359569618799593,13,G3_04E,3
223,GU,222,167,1,NaT,NA,NA,,NA,NA,16,0.307,17,G3_04E,3
224,GU,180,167,0,NaT,NA,NA,,NA,NA,0,0.247339562995257,11,NA,3
225,GU,224,167,1,NaT,NA,NA,,NA,NA,8,0.1755,5,G3_04E,3
226,GU,180,167,0,NaT,NA,NA,,NA,NA,0,0.291105404440641,6,NA,3
227,GU,226,167,1,NaT,NA,NA,,NA,NA,0,0.229677775897201,3,NA,3
228,GU,227,167,1,NaT,NA,NA,,NA,NA,6,0.1515,4,G3_04E,3
229,branch,175,167,0,NaT,NA,NA,,NA,NA,20,0.395,20,NA,3
230,branch,175,167,0,NaT,NA,NA,,NA,NA,1,0.115,20,NA,3
231,GU,185,167,1,NaT,NA,NA,,NA,NA,6,0.212,8,G3_04E,3
232,GU,186,167,1,NaT,NA,NA,,NA,NA,6,0.2385,6,G3_04E,3
233,GU,187,167,1,NaT,NA,NA,,NA,NA,6,0.225,7,G3_04E,3
234,GU,179,167,1,NaT,NA,NA,,NA,NA,0,1.31000900906036,6,NA,3
235,GU,234,167,1,NaT,NA,NA,,NA,NA,0,1.25395739239726,9,NA,3
236,GU,235,167,1,NaT,NA,NA,,NA,NA,0,1.29104476533337,9,NA,3
237,GU,236,167,1,NaT,NA,NA,,NA,NA,4,1.2355,11,G3_04D,3
238,GU,237,167,0,NaT,NA,NA,,NA,NA,4,0.55834864467507,13,G3_06A,3
239,GU,238,167,1,NaT,NA,NA,,NA,NA,4,0.514019509595982,14,G3_06A,3
240,GU,239,167,1,NaT,NA,NA,,NA,NA,17,0.468971695975778,15,G3_06A,3
241,GU,240,167,1,2020-09-12,2,2,6.6a,NA,NA,18,0.399,19,G3_06A,3
242,GU,240,167,0,NaT,NA,NA,,NA,NA,8,0.1975,11,G3_06A,3
243,GU,237,167,0,NaT,NA,NA,,NA,NA,3,0.884,18,G3_04A,3
244,GU,243,167,0,NaT,NA,NA,,NA,NA,2,0.527609859032079,10,G3_04A,3
245,GU,244,167,1,NaT,NA,NA,,NA,NA,15,0.482826146545198,15,G3_04A,3
246,GU,245,167,1,2020-09-12,1,1,4,NA,NA,18,0.437,20,G3_04A,3
247,GU,237,167,0,NaT,NA,NA,,NA,NA,5,0.387330384227121,12,G3_04B,3
248,GU,247,167,1,NaT,NA,NA,,NA,NA,2,0.336991880012193,7,G3_04B,3
249,GU,248,167,1,NaT,NA,NA,,NA,NA,14,0.282133397587178,9,G3_04B,3
250,GU,249,167,1,NaT,NA,NA,,NA,NA,1,0.219,9,G3_04B,3
251,GU,237,167,0,NaT,NA,NA,,NA,NA,5,0.381455406904112,12,G3_04C,3
252,GU,251,167,1,NaT,NA,NA,,NA,NA,3,0.330690556541825,6,G3_04C,3
253,GU,252,167,1,NaT,NA,NA,,NA,NA,14,0.275100170510097,8,G3_04C,3
254,GU,253,167,1,2020-09-12,1,1,5a,NA,NA,6,0.2105,7,G3_04C,3
255,GU,235,167,0,NaT,NA,NA,,NA,NA,0,0.364602849191814,4,NA,3
256,GU,255,167,1,NaT,NA,NA,,NA,NA,0,0.312480890050391,3,NA,3
257,GU,256,167,1,NaT,NA,NA,,NA,NA,11,0.2545,11,G3_04D,3
258,GU,179,167,0,NaT,NA,NA,,NA,NA,0,0.3922736439053,7,NA,3
259,GU,258,167,1,NaT,NA,NA,,NA,NA,0,0.342276771943155,4,NA,3
260,GU,259,167,1,NaT,NA,NA,,NA,NA,5,0.287998726285525,7,G3_05A,3
261,GU,260,167,1,2020-09-12,1,1,5,NA,NA,8,0.226,5,G3_05A,3
262,GU,174,167,0,NaT,NA,NA,,NA,NA,0,1.445,10,NA,3
263,GU,262,167,1,NaT,NA,NA,,NA,NA,0,1.39845558876858,6,NA,3
264,GU,263,167,1,NaT,NA,NA,,NA,NA,0,1.33998427486422,15,NA,3
265,GU,264,167,1,NaT,NA,NA,,NA,NA,0,1.274,17,NA,3
266,GU,265,167,0,NaT,NA,NA,,NA,NA,7,0.2295,14,G3_07D,3
267,GU,265,167,0,NaT,NA,NA,,NA,NA,9,0.2905,14,G3_07D,3
268,GU,265,167,0,NaT,NA,NA,,NA,NA,7,0.241,12,G3_07D,3
269,GU,265,167,0,NaT,NA,NA,,NA,NA,8,0.2535,16,G3_07D,3
270,GU,265,167,0,NaT,NA,NA,,NA,NA,0,0.481529619961396,2,NA,3
271,GU,270,167,1,NaT,NA,NA,,NA,NA,0,0.435665369179847,10,NA,3
272,GU,271,167,0,NaT,NA,NA,,NA,NA,0,0.316864720331382,5,NA,3
273,GU,272,167,1,NaT,NA,NA,,NA,NA,16,0.2595,12,G3_07D,3
274,GU,271,167,0,NaT,NA,NA,,NA,NA,1,0.249250039148813,6,G3_07D,3
275,GU,274,167,1,NaT,NA,NA,,NA,NA,6,0.178,5,G3_07D,3
276,GU,264,167,0,NaT,NA,NA,,NA,NA,0,0.664,7,NA,3
277,GU,276,167,0,NaT,NA,NA,,NA,NA,0,0.470701102115661,6,NA,3
278,GU,277,167,1,NaT,NA,NA,,NA,NA,0,0.424498792681742,10,NA,3
279,GU,278,167,1,NaT,NA,NA,,NA,NA,0,0.376392685090119,4,NA,3
280,GU,279,167,1,NaT,NA,NA,,NA,NA,4,0.325241800613049,5,G3_07B,3
281,GU,280,167,1,NaT,NA,NA,,NA,NA,12,0.268981137620623,12,G3_07B,3
282,GU,281,167,1,NaT,NA,NA,,NA,NA,9,0.203,5,G3_07B,3
283,GU,276,167,0,NaT,NA,NA,,NA,NA,0,0.632574502260791,5,NA,3
284,GU,283,167,1,NaT,NA,NA,,NA,NA,2,0.588693062970143,14,G3_07A,3
285,GU,284,167,1,NaT,NA,NA,,NA,NA,2,0.544645466309632,4,G3_07A,3
286,GU,285,167,1,NaT,NA,NA,,NA,NA,10,0.500136620054372,8,G3_07A,3
287,GU,286,167,1,NaT,NA,NA,,NA,NA,10,0.454773848204347,14,G3_07A,3
288,GU,287,167,1,NaT,NA,NA,,NA,NA,16,0.408005426064513,10,G3_07A,3
289,GU,288,167,1,2020-09-12,1,1,7,NA,NA,15,0.359,15,G3_07A,3
290,GU,174,167,0,NaT,NA,NA,,NA,NA,0,0.7415,5,NA,3
291,GU,290,167,1,NaT,NA,NA,,NA,NA,0,0.669186501481636,7,NA,3
292,GU,291,167,1,NaT,NA,NA,,NA,NA,0,0.625264447256183,6,NA,3
293,GU,292,167,0,NaT,NA,NA,,NA,NA,3,0.315023960012534,12,G3_07C,3
294,GU,293,167,1,NaT,NA,NA,,NA,NA,3,0.257403869973015,5,G3_07C,3
295,GU,294,167,1,NaT,NA,NA,,NA,NA,7,0.1885,4,G3_07C,3
296,GU,292,167,0,NaT,NA,NA,,NA,NA,0,0.306385313254217,10,NA,3
297,GU,296,167,1,NaT,NA,NA,,NA,NA,1,0.2475,10,G3_07C,3
298,GU,292,167,0,NaT,NA,NA,,NA,NA,0,0.540171012228139,10,NA,3
299,GU,298,167,1,NaT,NA,NA,,NA,NA,0,0.495595699443378,11,NA,3
300,GU,299,167,1,NaT,NA,NA,,NA,NA,4,0.450119279914115,5,G3_07C,3
301,GU,300,167,1,NaT,NA,NA,,NA,NA,4,0.403168685438538,10,G3_07C,3
302,GU,301,167,1,NaT,NA,NA,,NA,NA,8,0.353873219018578,7,G3_07C,3
303,GU,302,167,1,NaT,NA,NA,,NA,NA,7,0.300771122846068,5,G3_07C,3
304,GU,303,167,1,NaT,NA,NA,,NA,NA,8,0.241,10,G3_07C,3
305,scaffold,167,167,0,NaT,NA,NA,,NA,NA,0,6.85,87,NA,3
306,scaffold,305,167,0,NaT,NA,NA,,NA,NA,0,5.061,30,NA,3
307,scaffold,305,167,0,NaT,NA,NA,,NA,NA,0,6.05,30,NA,3
308,scaffold,306,167,1,NaT,NA,NA,,NA,NA,0,4.5,20,NA,3
309,multiple_GU,308,167,0,NaT,NA,NA,,NA,NA,0,4.35,41,NA,3
310,multiple_GU,309,167,0,NaT,NA,NA,,NA,NA,0,3.6,18,NA,3
311,branch_empty,309,167,0,NaT,NA,NA,,NA,NA,0,0.9,20,NA,3
312,multiple_GU,310,167,1,NaT,NA,NA,,NA,NA,0,2.85,18,NA,3
313,GU,310,167,0,NaT,NA,NA,,NA,NA,0,2.27,9,NA,3
314,GU,312,167,0,NaT,NA,NA,,NA,NA,0,2.5065,15,NA,3
315,branch_empty,312,167,0,NaT,NA,NA,,NA,NA,0,2.4,20,NA,3
316,GU,308,167,0,NaT,NA,NA,,NA,NA,0,2.9695,9,NA,3
317,GU,314,167,0,NaT,NA,NA,,NA,NA,0,1.98450717902584,16,NA,3
318,GU,317,167,0,NaT,NA,NA,,NA,NA,0,1.9085,10,NA,3
319,GU,318,167,1,NaT,NA,NA,,NA,NA,0,1.83277786336674,10,NA,3
320,GU,319,167,1,NaT,NA,NA,,NA,NA,0,1.76148911317067,12,NA,3
321,GU,320,167,0,NaT,NA,NA,,NA,NA,0,1.27,9,NA,3
322,branch,320,167,0,NaT,NA,NA,,NA,NA,32,0.498,20,NA,3
323,branch,320,167,0,2020-09-12,7,7,15e.15f.15g.15h.15i.15j.15k,NA,NA,211,1.272,20,NA,3
324,GU,320,167,0,NaT,NA,NA,,NA,NA,0,1.23449644882498,15,NA,3
325,GU,324,167,1,NaT,NA,NA,,NA,NA,0,1.102,9,NA,3
326,branch,325,167,0,NaT,NA,NA,,NA,NA,5,0.1985,20,NA,3
327,branch,325,167,0,NaT,NA,NA,,NA,NA,5,0.194,20,NA,3
328,branch,325,167,0,NaT,NA,NA,,NA,NA,2,0.134,20,NA,3
329,branch,324,167,0,NaT,NA,NA,,NA,NA,17,0.366,20,NA,3
330,branch,324,167,0,2020-09-12,3,3,15b.15c.15d,NA,NA,134,1.012,20,NA,3
331,GU,313,167,1,NaT,NA,NA,,NA,NA,0,1.89565374576868,24,NA,3
332,GU,331,167,0,NaT,NA,NA,,NA,NA,0,1.34098529563462,9,NA,3
333,GU,332,167,1,NaT,NA,NA,,NA,NA,0,1.28409630133992,7,NA,3
334,GU,333,167,1,NaT,NA,NA,,NA,NA,0,1.22873609178268,6,NA,3
335,GU,334,167,1,NaT,NA,NA,,NA,NA,0,1.17482269661527,10,NA,3
336,GU,335,167,0,NaT,NA,NA,,NA,NA,0,0.905,15,NA,3
337,branch,335,167,0,NaT,NA,NA,,NA,NA,29,0.4735,20,G3_16D,3
338,branch,335,167,0,NaT,NA,NA,,NA,NA,37,0.5365,20,G3_16E,3
339,branch,335,167,0,NaT,NA,NA,,NA,NA,105,0.8955,20,G3_16F,3
340,GU,331,167,0,NaT,NA,NA,,NA,NA,0,1.5475,5,NA,3
341,GU,340,167,1,NaT,NA,NA,,NA,NA,0,1.3774663536647,7,NA,3
342,GU,341,167,1,NaT,NA,NA,,NA,NA,0,1.31957704588224,7,NA,3
343,GU,342,167,1,NaT,NA,NA,,NA,NA,0,1.26326800602495,14,NA,3
344,GU,343,167,1,NaT,NA,NA,,NA,NA,0,1.0965,16,NA,3
345,branch,343,167,0,NaT,NA,NA,,NA,NA,96,0.859,20,G3_13F,3
346,branch,343,167,0,NaT,NA,NA,,NA,NA,55,0.648,20,G3_13E,3
347,branch,343,167,0,NaT,NA,NA,,NA,NA,17,0.3635,20,G3_13D,3
348,GU,336,167,1,NaT,NA,NA,,NA,NA,0,0.858340083470814,11,NA,3
349,GU,348,167,0,NaT,NA,NA,,NA,NA,0,0.812468522663165,11,NA,3
350,GU,349,167,1,NaT,NA,NA,,NA,NA,0,0.762561900489148,6,NA,3
351,GU,350,167,1,NaT,NA,NA,,NA,NA,3,0.68555297485556,9,G3_16B,3
352,GU,351,167,1,NaT,NA,NA,,NA,NA,13,0.641567986914561,10,G3_16B,3
353,GU,352,167,1,NaT,NA,NA,,NA,NA,17,0.597690340512475,19,G3_16B,3
354,GU,353,167,1,NaT,NA,NA,,NA,NA,13,0.491701618128716,15,G3_16A,3
355,GU,354,167,1,2020-09-12,1,1,16,NA,NA,18,0.438,22,G3_16A,3
356,GU,354,167,0,NaT,NA,NA,,NA,NA,3,0.1795,10,G3_16A,3
357,GU,353,167,0,NaT,NA,NA,,NA,NA,5,0.344991128955637,10,G3_16A,3
358,GU,357,167,1,2020-09-12,1,1,16a,NA,NA,11,0.291,15,G3_16A,3
359,GU,350,167,0,NaT,NA,NA,,NA,NA,1,0.395437425895831,8,G3_11C,3
360,GU,359,167,0,NaT,NA,NA,,NA,NA,9,0.2,9,G3_11C,3
361,GU,359,167,0,NaT,NA,NA,,NA,NA,6,0.1435,7,G3_11C,3
362,GU,359,167,0,NaT,NA,NA,,NA,NA,6,0.183,9,G3_11C,3
363,GU,349,167,0,NaT,NA,NA,,NA,NA,0,0.535484445621515,7,NA,3
364,GU,362,167,0,NaT,NA,NA,,NA,NA,8,0.1825,8,G3_11C,3
365,GU,349,167,0,NaT,NA,NA,,NA,NA,3,0.255053452700968,9,G3_11C,3
366,GU,365,167,1,NaT,NA,NA,,NA,NA,8,0.1855,7,G3_11C,3
367,GU,344,167,0,NaT,NA,NA,,NA,NA,0,1.22408484242743,7,NA,3
368,GU,367,167,1,NaT,NA,NA,,NA,NA,0,1.1702909903795,13,NA,3
369,GU,368,167,0,NaT,NA,NA,,NA,NA,0,0.982652558247667,5,NA,3
370,GU,369,167,1,NaT,NA,NA,,NA,NA,0,0.9345,4,G3_13C,3
371,GU,370,167,0,NaT,NA,NA,,NA,NA,0,0.526209513686524,9,NA,3
372,GU,371,167,1,NaT,NA,NA,,NA,NA,10,0.481400498293784,8,G3_13C,3
373,GU,372,167,1,NaT,NA,NA,,NA,NA,12,0.435532425617074,14,G3_13C,3
374,GU,373,167,0,NaT,NA,NA,,NA,NA,8,0.2725,10,G3_13C,3
375,GU,373,167,0,NaT,NA,NA,,NA,NA,5,0.157,6,G3_13C,3
376,GU,373,167,0,NaT,NA,NA,,NA,NA,2,0.225128720653063,5,G3_13C,3
377,GU,376,167,1,NaT,NA,NA,,NA,NA,5,0.145,5,G3_13C,3
378,GU,368,167,0,NaT,NA,NA,,NA,NA,0,0.770680271664937,3,NA,3
379,GU,378,167,1,NaT,NA,NA,,NA,NA,0,0.726006207249943,14,NA,3
380,GU,379,167,1,NaT,NA,NA,,NA,NA,0,0.681763166014986,15,NA,3
381,GU,380,167,0,NaT,NA,NA,,NA,NA,8,0.435386839622821,14,G3_13B,3
382,GU,381,167,1,NaT,NA,NA,,NA,NA,11,0.387805036143014,12,G3_13B,3
383,GU,382,167,1,NaT,NA,NA,,NA,NA,14,0.3375,19,G3_13B,3
384,GU,380,167,0,NaT,NA,NA,,NA,NA,6,0.192,12,G3_13B,3
385,GU,380,167,0,NaT,NA,NA,,NA,NA,10,0.450936888951019,14,G3_13B,3
386,GU,385,167,1,NaT,NA,NA,,NA,NA,11,0.404018870115491,8,G3_13B,3
387,GU,386,167,0,NaT,NA,NA,,NA,NA,11,0.2775,17,G3_13B,3
388,GU,386,167,0,NaT,NA,NA,,NA,NA,8,0.2325,11,G3_13B,3
389,GU,380,167,0,NaT,NA,NA,,NA,NA,6,0.422081164868013,13,G3_13A,3
390,GU,389,167,1,NaT,NA,NA,,NA,NA,7,0.37385144907822,6,G3_13A,3
391,GU,390,167,1,2020-09-12,1,1,13,NA,NA,14,0.3225,15,G3_13A,3
392,GU,321,167,1,NaT,NA,NA,,NA,NA,0,1.21501223587531,2,NA,3
393,GU,392,167,1,NaT,NA,NA,,NA,NA,0,1.16145061052817,10,NA,3
394,GU,393,167,0,NaT,NA,NA,,NA,NA,0,0.450059491505245,14,NA,3
395,GU,393,167,0,NaT,NA,NA,,NA,NA,0,0.328854123053669,17,NA,3
396,GU,395,167,1,NaT,NA,NA,,NA,NA,1,0.2185,6,G3_14C,3
397,GU,395,167,0,NaT,NA,NA,,NA,NA,3,0.1345,3,G3_14C,3
398,GU,393,167,0,NaT,NA,NA,,NA,NA,0,0.359801560916532,14,NA,3
399,GU,398,167,1,NaT,NA,NA,,NA,NA,1,0.307253032045389,3,G3_14C,3
400,GU,399,167,1,2020-09-12,1,1,14c,NA,NA,7,0.2485,6,G3_14C,3
401,GU,393,167,0,NaT,NA,NA,,NA,NA,0,0.937358005631614,21,NA,3
402,GU,401,167,0,NaT,NA,NA,,NA,NA,0,0.605932415966147,5,NA,3
403,GU,402,167,0,NaT,NA,NA,,NA,NA,2,0.2835,10,G3_14B,3
404,GU,402,167,0,NaT,NA,NA,,NA,NA,0,0.540522183794063,5,NA,3
405,GU,404,167,1,NaT,NA,NA,,NA,NA,5,0.49595223121124,15,G3_14B,3
406,GU,405,167,0,NaT,NA,NA,,NA,NA,4,0.132,6,G3_14A,3
407,GU,405,167,0,2020-09-12,1,1,14b,NA,NA,8,0.236,10,G3_14A,3
408,GU,405,167,0,NaT,NA,NA,,NA,NA,0,0.412589609639406,6,NA,3
409,GU,408,167,1,2020-09-12,2,2,14.14a,NA,NA,14,0.3225,13,G3_14A,3
410,GU,408,167,0,NaT,NA,NA,,NA,NA,7,0.188,11,G3_14A,3
411,GU,401,167,0,NaT,NA,NA,,NA,NA,1,0.781700269509931,9,G3_14B,3
412,GU,411,167,1,NaT,NA,NA,,NA,NA,7,0.736899359934471,17,G3_14B,3
413,GU,412,167,0,NaT,NA,NA,,NA,NA,16,0.51599171361699,15,G3_15A,3
414,GU,413,167,0,2020-09-12,1,1,15a,NA,NA,9,0.3435,16,G3_15A,3
415,GU,413,167,0,2020-09-12,1,1,15,NA,NA,16,0.3675,21,G3_15A,3
416,GU,412,167,0,NaT,NA,NA,,NA,NA,6,0.176,7,G3_15A,3
417,GU,412,167,0,NaT,NA,NA,,NA,NA,9,0.532926348803845,12,G3_15A,3
418,GU,417,167,0,NaT,NA,NA,,NA,NA,16,0.4155,22,G3_15A,3
419,GU,417,167,0,NaT,NA,NA,,NA,NA,9,0.3185,18,G3_15A,3
420,GU,412,167,0,NaT,NA,NA,,NA,NA,7,0.396233933747584,10,G3_15A,3
421,GU,420,167,1,NaT,NA,NA,,NA,NA,12,0.3465,21,G3_15A,3
422,GU,393,167,0,NaT,NA,NA,,NA,NA,0,0.873004642228911,16,NA,3
423,GU,422,167,1,NaT,NA,NA,,NA,NA,0,0.826895235993705,5,NA,3
424,GU,423,167,1,NaT,NA,NA,,NA,NA,4,0.7815,6,G3_14D,3
425,GU,424,167,0,NaT,NA,NA,,NA,NA,7,0.2605,12,G3_14D,3
426,GU,424,167,0,NaT,NA,NA,,NA,NA,9,0.2605,12,G3_14D,3
427,GU,424,167,0,NaT,NA,NA,,NA,NA,7,0.360598225297091,12,G3_14D,3
428,GU,427,167,1,NaT,NA,NA,,NA,NA,10,0.308121791281767,12,G3_14D,3
429,GU,428,167,1,NaT,NA,NA,,NA,NA,8,0.2495,9,G3_14D,3
430,GU,316,167,1,NaT,NA,NA,,NA,NA,0,2.83069284053413,21,NA,3
431,GU,430,167,1,NaT,NA,NA,,NA,NA,0,2.72724816999452,15,NA,3
432,GU,431,167,1,NaT,NA,NA,,NA,NA,0,2.627226202465,17,NA,3
433,GU,432,167,1,NaT,NA,NA,,NA,NA,0,2.5305,18,NA,3
434,GU,433,167,0,NaT,NA,NA,,NA,NA,0,2.0815693361447,14,NA,3
435,GU,434,167,1,NaT,NA,NA,,NA,NA,0,2.0025,19,NA,3
436,GU,433,167,0,NaT,NA,NA,,NA,NA,0,1.87015449152689,4,NA,3
437,GU,436,167,1,NaT,NA,NA,,NA,NA,0,1.7977120408391,9,NA,3
438,GU,437,167,1,NaT,NA,NA,,NA,NA,0,1.7275,18,NA,3
439,GU,438,167,0,NaT,NA,NA,,NA,NA,0,1.5425,23,NA,3
440,branch,438,167,0,NaT,NA,NA,,NA,NA,43,0.5765,20,G3_11E,3
441,branch,438,167,0,NaT,NA,NA,,NA,NA,86,0.8115,20,G3_11F,3
442,GU,435,167,1,NaT,NA,NA,,NA,NA,0,1.32669614781763,15,NA,3
443,GU,442,167,1,NaT,NA,NA,,NA,NA,0,1.27019485200374,11,NA,3
444,GU,443,167,1,NaT,NA,NA,,NA,NA,0,1.28444333473926,15,NA,3
445,GU,446,167,1,NaT,NA,NA,,NA,NA,0,1.10895038007644,8,NA,3
446,GU,444,167,0,NaT,NA,NA,,NA,NA,0,1.424,15,NA,3
447,branch,444,167,0,2020-09-12,2,2,9c.9d,NA,NA,51,0.627,20,G3_09F,3
448,branch,444,167,0,NaT,NA,NA,,NA,NA,21,0.4015,20,G3_09E,3
449,branch,443,167,0,NaT,NA,NA,,NA,NA,26,0.4455,20,G3_09D,3
450,GU,435,167,0,NaT,NA,NA,,NA,NA,0,1.219,21,NA,3
451,branch,435,167,0,NaT,NA,NA,,NA,NA,71,0.739,20,G3_08C,3
452,GU,445,167,1,NaT,NA,NA,,NA,NA,1,1.058,20,G3_10B,3
453,GU,452,167,0,NaT,NA,NA,,NA,NA,8,0.513,16,G3_10B,3
454,GU,453,167,1,NaT,NA,NA,,NA,NA,7,0.467118743378008,14,G3_10B,3
455,GU,454,167,1,NaT,NA,NA,,NA,NA,13,0.420796504474413,16,G3_10B,3
456,GU,455,167,1,2020-09-12,1,1,10d,NA,NA,15,0.3725,13,G3_10B,3
457,GU,452,167,0,NaT,NA,NA,,NA,NA,11,0.632,15,G3_10A,3
458,GU,457,167,1,NaT,NA,NA,,NA,NA,9,0.460995745371049,14,G3_10A,3
459,GU,458,167,1,NaT,NA,NA,,NA,NA,11,0.377560275745588,15,G3_10A,3
460,GU,459,167,1,2020-09-12,2,2,10.10a,NA,NA,14,0.3265,15,G3_10A,3
461,GU,458,167,0,NaT,NA,NA,,NA,NA,10,0.2165,13,G3_10A,3
462,GU,452,167,0,NaT,NA,NA,,NA,NA,7,0.766077923473468,19,G3_09B,3
463,GU,462,167,1,NaT,NA,NA,,NA,NA,4,0.730987231790799,16,G3_09B,3
464,GU,463,167,0,NaT,NA,NA,,NA,NA,10,0.307687282158501,16,G3_09B,3
465,GU,464,167,1,NaT,NA,NA,,NA,NA,10,0.249,11,G3_09B,3
466,GU,463,167,0,NaT,NA,NA,,NA,NA,9,0.331494492053917,18,G3_09C,3
467,GU,466,167,1,NaT,NA,NA,,NA,NA,14,0.276,15,G3_09C,3
468,GU,463,167,0,NaT,NA,NA,,NA,NA,14,0.361863057289197,22,G3_09C,3
469,GU,468,167,1,NaT,NA,NA,,NA,NA,16,0.3095,18,G3_09C,3
470,GU,463,167,0,NaT,NA,NA,,NA,NA,3,0.328816836764307,13,G3_09A,3
471,GU,470,167,1,2020-09-12,2,2,9.9a,NA,NA,10,0.273,10,G3_09A,3
472,GU,463,167,0,NaT,NA,NA,,NA,NA,13,0.529293706781968,20,G3_09A,3
473,GU,472,167,0,NaT,NA,NA,,NA,NA,10,0.216,15,G3_09A,3
474,GU,472,167,0,NaT,NA,NA,,NA,NA,11,0.267,15,G3_09A,3
475,GU,472,167,0,NaT,NA,NA,,NA,NA,8,0.277,18,G3_09A,3
476,GU,472,167,0,2020-09-12,1,1,9b,NA,NA,10,0.325,20,G3_09A,3
477,GU,462,167,0,NaT,NA,NA,,NA,NA,0,0.313649107726138,8,NA,3
478,GU,477,167,1,NaT,NA,NA,,NA,NA,15,0.255835128309395,18,G3_09C,3
479,GU,478,167,1,NaT,NA,NA,,NA,NA,7,0.1865,8,G3_09C,3
480,GU,446,167,0,NaT,NA,NA,,NA,NA,0,0.860912591557868,3,NA,3
481,GU,480,167,1,NaT,NA,NA,,NA,NA,0,0.815,18,NA,3
482,GU,481,167,0,NaT,NA,NA,,NA,NA,11,0.521,16,G3_10C,3
483,GU,482,167,1,NaT,NA,NA,,NA,NA,8,0.335497535737445,14,G3_10C,3
484,GU,483,167,1,NaT,NA,NA,,NA,NA,4,0.280469508666601,18,G3_10C,3
485,GU,484,167,1,2020-09-12,1,1,10c,NA,NA,7,0.217,8,G3_10C,3
486,GU,481,167,0,NaT,NA,NA,,NA,NA,9,0.3545,16,G3_10D,3
487,GU,486,167,1,NaT,NA,NA,,NA,NA,11,0.31510828636817,11,G3_10D,3
488,GU,487,167,1,2020-09-12,1,1,10b,NA,NA,0,0.2575,9,G3_10D,3
489,GU,481,167,0,NaT,NA,NA,,NA,NA,4,0.2575,13,G3_10D,3
490,GU,456,167,1,NaT,NA,NA,,NA,NA,0,1.09207119398618,13,NA,3
491,GU,490,167,0,NaT,NA,NA,,NA,NA,0,0.4975,8,G3_08B,3
492,GU,491,167,0,NaT,NA,NA,,NA,NA,0,0.353480981627727,6,NA,3
493,GU,492,167,1,NaT,NA,NA,,NA,NA,5,0.300341170322493,15,G3_08B,3
494,GU,493,167,0,2020-09-12,2,2,8b.8c,NA,NA,6,0.2405,8,G3_08B,3
495,GU,490,167,0,NaT,NA,NA,,NA,NA,0,1.05,15,NA,3
496,GU,495,167,1,NaT,NA,NA,,NA,NA,0,0.51284797373237,12,NA,3
497,GU,496,167,0,NaT,NA,NA,,NA,NA,9,0.2675,12,G3_08A,3
498,GU,496,167,0,NaT,NA,NA,,NA,NA,0,0.4215,7,NA,3
499,GU,498,167,1,NaT,NA,NA,,NA,NA,0,0.383870586456096,14,NA,3
500,GU,499,167,1,NaT,NA,NA,,NA,NA,13,0.333283749282327,11,G3_08A,3
501,GU,500,167,1,2020-09-12,2,2,8.8a,NA,NA,11,0.278,8,G3_08A,3
502,GU,439,167,1,NaT,NA,NA,,NA,NA,0,1.38448292246959,15,NA,3
503,GU,502,167,1,NaT,NA,NA,,NA,NA,0,1.40073049133296,17,NA,3
504,GU,503,167,1,NaT,NA,NA,,NA,NA,0,1.2885,11,G3_02A,3
505,GU,504,167,0,NaT,NA,NA,,NA,NA,0,0.634,4,G3_02A,3
506,GU,505,167,1,NaT,NA,NA,,NA,NA,0,0.549065567031551,12,NA,3
507,GU,506,167,1,NaT,NA,NA,,NA,NA,11,0.434424972470207,13,G3_02A,3
508,GU,507,167,1,NaT,NA,NA,,NA,NA,10,0.386798913618816,9,G3_02A,3
509,GU,508,167,1,NaT,NA,NA,,NA,NA,6,0.336422764552408,12,G3_02A,3
510,GU,509,167,1,2020-09-12,1,1,12,NA,NA,14,0.2815,11,G3_02A,3
511,GU,506,167,0,NaT,NA,NA,,NA,NA,8,0.2535,9,G3_02A,3
512,GU,506,167,0,NaT,NA,NA,,NA,NA,5,0.2015,8,G3_02A,3
513,GU,506,167,0,NaT,NA,NA,,NA,NA,8,0.2055,10,G3_02A,3
514,GU,503,167,0,NaT,NA,NA,,NA,NA,0,0.775168079718935,7,NA,3
515,GU,514,167,1,NaT,NA,NA,,NA,NA,0,0.6915,4,NA,3
516,GU,515,167,0,NaT,NA,NA,,NA,NA,0,0.639377702744383,6,NA,3
517,GU,516,167,1,NaT,NA,NA,,NA,NA,1,0.5955,14,G3_37B,3
518,GU,517,167,0,NaT,NA,NA,,NA,NA,5,0.43282438903905,12,G3_37B,3
519,GU,518,167,1,NaT,NA,NA,,NA,NA,9,0.385123821647337,9,G3_37B,3
520,GU,519,167,1,NaT,NA,NA,,NA,NA,12,0.334627835014789,15,G3_37B,3
521,GU,520,167,1,NaT,NA,NA,,NA,NA,11,0.2795,10,G3_37B,3
522,GU,514,167,0,NaT,NA,NA,,NA,NA,0,0.413685748789882,4,NA,3
523,GU,522,167,1,NaT,NA,NA,,NA,NA,0,0.365005236419255,10,NA,3
524,GU,523,167,1,NaT,NA,NA,,NA,NA,4,0.312918177265056,4,G3_37A,3
525,GU,524,167,1,2020-09-12,2,2,37.37a,NA,NA,6,0.255,4,G3_37A,3
526,GU,502,167,0,NaT,NA,NA,,NA,NA,0,0.407636386070968,9,NA,3
527,GU,526,167,1,NaT,NA,NA,,NA,NA,0,0.358609271529387,3,NA,3
528,GU,527,167,0,NaT,NA,NA,,NA,NA,0,0.305951846792407,4,NA,3
529,GU,528,167,1,NaT,NA,NA,,NA,NA,9,0.247,9,G3_11C,3
530,GU,502,167,0,NaT,NA,NA,,NA,NA,0,0.27839735353391,8,NA,3
531,GU,530,167,0,NaT,NA,NA,,NA,NA,4,0.2145,8,G3_11C,3
532,GU,502,167,0,NaT,NA,NA,,NA,NA,0,0.550265867486788,9,NA,3
533,GU,532,167,1,NaT,NA,NA,,NA,NA,0,0.505834991120421,5,NA,3
534,GU,533,167,1,NaT,NA,NA,,NA,NA,0,0.460576724352156,4,NA,3
535,GU,534,167,1,NaT,NA,NA,,NA,NA,1,0.414024550031137,12,G3_11B,3
536,GU,535,167,1,NaT,NA,NA,,NA,NA,11,0.365362897528287,5,G3_11B,3
537,GU,536,167,1,NaT,NA,NA,,NA,NA,7,0.313306750933649,5,G3_11B,3
538,GU,537,167,1,NaT,NA,NA,,NA,NA,7,0.255444064182523,6,G3_11B,3
539,GU,538,167,1,NaT,NA,NA,,NA,NA,10,0.186,6,G3_11B,3
540,GU,533,167,0,NaT,NA,NA,,NA,NA,2,0.1685,6,G3_11B,3
541,GU,533,167,0,NaT,NA,NA,,NA,NA,2,0.139,7,G3_11B,3
542,GU,502,167,0,NaT,NA,NA,,NA,NA,0,0.720008458963821,7,NA,3
543,GU,542,167,1,NaT,NA,NA,,NA,NA,0,0.675812204157273,3,NA,3
544,GU,543,167,1,NaT,NA,NA,,NA,NA,5,0.631867777753669,17,G3_11A,3
545,GU,544,167,1,NaT,NA,NA,,NA,NA,5,0.587985636260778,17,G3_11A,3
546,GU,545,167,1,NaT,NA,NA,,NA,NA,14,0.543933155184508,10,G3_11A,3
547,GU,546,167,1,NaT,NA,NA,,NA,NA,7,0.499413991825768,10,G3_11A,3
548,GU,547,167,1,NaT,NA,NA,,NA,NA,15,0.356822855307903,15,G3_11A,3
549,GU,548,167,1,NaT,NA,NA,,NA,NA,15,0.304,16,G3_11A,3
550,GU,547,167,0,NaT,NA,NA,,NA,NA,2,0.325258547180677,10,G3_11D,3
551,GU,550,167,1,2020-09-12,1,1,11,NA,NA,9,0.269,12,G3_11D,3
552,scaffold,0,NA,0,NAT,NA,NA,,NA,NA,0,7.16,74,NA,3
553,scaffold,552,553,1,NAT,NA,NA,,NA,NA,0,5.41,41,NA,3
554,scaffold,553,553,1,NAT,NA,NA,,NA,NA,0,4.93,108,NA,3
555,scaffold,553,553,0,NAT,NA,NA,,NA,NA,0,2.55,48,NA,3
556,scaffold,552,556,0,NAT,NA,NA,,NA,NA,0,4.62,30,NA,3
557,scaffold,556,556,1,NAT,NA,NA,,NA,NA,0,4.11,120,NA,3
558,scaffold,552,558,0,NAT,NA,NA,,NA,NA,0,5.405,44,NA,3
559,branch_empty,1139,558,1,NAT,NA,NA,,NA,NA,0,4.45,20,NA,3
560,multiple_GU,1139,558,0,NAT,NA,NA,,NA,NA,0,3.0525,53,NA,3
561,branch_empty,1139,558,0,NAT,NA,NA,,NA,NA,0,2.25,20,NA,3
562,GU,560,558,0,NAT,NA,NA,,NA,NA,0,2.0735,10,NA,3
563,GU,560,558,0,NAT,NA,NA,,NA,NA,0,3.0005,15,NA,3
564,GU,562,558,1,NAT,NA,NA,,NA,NA,0,1.96816814921537,11,NA,3
565,GU,564,558,1,NAT,NA,NA,,NA,NA,0,1.89267331641047,20,NA,3
566,GU,565,558,1,NAT,NA,NA,,NA,NA,0,1.90752918275334,10,NA,3
567,GU,566,558,1,NAT,NA,NA,,NA,NA,0,1.83392722378899,10,NA,3
568,GU,567,558,1,NAT,NA,NA,,NA,NA,0,1.7095,12,NA,3
569,branch,568,558,0,NAT,NA,NA,,NA,NA,358,1.6585,20,NA,3
570,branch,568,558,0,NAT,NA,NA,,NA,NA,6,0.221,20,G3_19F,3
571,branch,568,558,0,NAT,NA,NA,,NA,NA,21,0.4075,20,G3_19F,3
572,GU,567,558,0,NAT,NA,NA,,NA,NA,0,0.999,14,NA,3
573,branch,565,558,0,NAT,NA,NA,,NA,NA,71,0.7355,20,G3_19E,3
574,GU,572,558,1,NAT,NA,NA,,NA,NA,0,0.905144307697511,11,NA,3
575,GU,574,558,1,NAT,NA,NA,,NA,NA,0,0.858481815379514,11,NA,3
576,GU,575,558,1,NAT,NA,NA,,NA,NA,0,0.812608001798757,11,NA,3
577,GU,576,558,0,NAT,NA,NA,,NA,NA,0,0.260166122836323,9,NA,3
578,GU,577,558,1,NAT,NA,NA,,NA,NA,2,0.192,6,G3_19C,3
579,GU,576,558,0,NAT,NA,NA,,NA,NA,0,0.221705155562257,7,NA,3
580,GU,579,558,0,NAT,NA,NA,,NA,NA,3,0.14,5,G3_19C,3
581,GU,576,558,0,NAT,NA,NA,,NA,NA,0,0.429667159753715,12,NA,3
582,branch_empty,581,558,0,NAT,NA,NA,,NA,NA,0,0.214833579876858,20,G3_19C,3
583,branch_empty,581,558,0,NAT,NA,NA,,NA,NA,0,0.214833579876858,20,G3_19C,3
584,branch_empty,583,558,0,NAT,NA,NA,,NA,NA,0,0.107416789938429,20,G3_19C,3
585,branch_empty,584,558,1,NAT,NA,NA,,NA,NA,0,0.107416789938429,20,G3_19C,3
586,branch_empty,583,558,0,NAT,NA,NA,,NA,NA,0,0.107416789938429,20,G3_19C,3
587,branch_empty,586,558,1,NAT,NA,NA,,NA,NA,0,0.107416789938429,20,G3_19C,3
588,branch_empty,587,558,1,NAT,NA,NA,,NA,NA,0,0.107416789938429,20,G3_19C,3
589,GU,576,558,0,NAT,NA,NA,,NA,NA,0,0.67294883948383,9,NA,3
590,GU,589,558,1,NAT,NA,NA,,NA,NA,1,0.629014610167409,9,G3_19B,3
591,GU,590,558,1,NAT,NA,NA,,NA,NA,7,0.585129022115742,5,G3_19B,3
592,GU,591,558,1,NAT,NA,NA,,NA,NA,19,0.541056042888428,23,G3_19B,3
593,GU,592,558,1,NAT,NA,NA,,NA,NA,17,0.474577154331184,16,G3_19A,3
594,GU,593,558,1,2020-09-12,2,2,19.19a,NA,NA,14,0.4285,18,G3_19A,3
595,GU,592,558,0,NAT,NA,NA,,NA,NA,9,0.253,14,G3_19A,3
596,GU,592,558,0,NAT,NA,NA,,NA,NA,7,0.179,9,G3_19A,3
597,GU,576,558,0,NAT,NA,NA,,NA,NA,0,0.423509776756398,9,G3_19B,3
598,GU,597,558,0,NAT,NA,NA,,NA,NA,0,0.284639280380774,6,NA,3
599,GU,598,558,1,NAT,NA,NA,,NA,NA,14,0.222,13,G3_19B,3
600,GU,597,558,0,NAT,NA,NA,,NA,NA,2,0.262949371337307,8,G3_19B,3
601,GU,600,558,1,NAT,NA,NA,,NA,NA,9,0.1955,9,G3_19B,3
602,GU,572,558,0,NAT,NA,NA,,NA,NA,0,0.547963267800755,9,NA,3
603,GU,602,558,1,NAT,NA,NA,,NA,NA,0,0.50350117976354,7,NA,3
604,GU,603,558,1,NAT,NA,NA,,NA,NA,0,0.458219155658435,4,NA,3
605,GU,604,558,1,NAT,NA,NA,,NA,NA,3,0.41158054997435,6,G3_19D,3
606,GU,605,558,1,NAT,NA,NA,,NA,NA,3,0.362781551535748,3,G3_19D,3
607,GU,606,558,1,NAT,NA,NA,,NA,NA,15,0.3105,15,G3_19D,3
608,GU,563,558,1,NAT,NA,NA,,NA,NA,0,2.68511184923687,7,NA,3
609,GU,608,558,1,NAT,NA,NA,,NA,NA,0,2.63063392524923,14,NA,3
610,GU,609,558,1,NAT,NA,NA,,NA,NA,0,2.53379567529629,11,NA,3
611,GU,610,558,1,NAT,NA,NA,,NA,NA,0,2.44013445817285,11,NA,3
612,GU,611,558,1,NAT,NA,NA,,NA,NA,0,2.11577113217193,9,NA,3
613,GU,612,558,1,NAT,NA,NA,,NA,NA,0,2.03561574516206,6,NA,3
614,GU,613,558,1,NAT,NA,NA,,NA,NA,0,1.958,13,NA,3
615,GU,614,558,0,NAT,NA,NA,,NA,NA,0,1.493,4,NA,3
616,branch,614,558,0,NAT,NA,NA,,NA,NA,7,0.235,20,NA,3
617,branch,614,558,0,NAT,NA,NA,,NA,NA,21,0.4065,20,NA,3
618,branch,614,558,0,NAT,NA,NA,,NA,NA,15,0.337,20,NA,3
619,branch,614,558,0,NAT,NA,NA,,NA,NA,5,0.199,20,NA,3
620,branch,614,558,0,NAT,NA,NA,,NA,NA,6,0.2275,20,NA,3
621,branch,614,558,0,NAT,NA,NA,,NA,NA,4,0.1875,20,NA,3
622,branch,614,558,0,2020-09-12,1,1,20c,NA,NA,174,1.154,20,NA,3
623,GU,611,558,0,NAT,NA,NA,,NA,NA,0,1.992,13,NA,3
624,GU,623,558,1,NAT,NA,NA,,NA,NA,0,0.938318669485503,20,NA,3
625,GU,624,558,1,NAT,NA,NA,,NA,NA,0,0.971424451422284,14,NA,3
626,branch,625,558,0,NAT,NA,NA,,NA,NA,111,0.9235,20,NA,3
627,branch,624,558,0,NAT,NA,NA,,NA,NA,7,0.2375,20,NA,3
628,branch,624,558,0,NAT,NA,NA,,NA,NA,12,0.306,20,NA,3
629,branch,624,558,0,NAT,NA,NA,,NA,NA,5,0.2065,20,NA,3
630,branch,624,558,0,NAT,NA,NA,,NA,NA,21,0.405,20,NA,3
631,branch,608,558,0,NAT,NA,NA,,NA,NA,203,1.247,20,NA,3
632,GU,611,558,0,NAT,NA,NA,,NA,NA,0,1.144,8,NA,3
633,GU,615,558,1,NAT,NA,NA,,NA,NA,0,1.43185446420018,19,NA,3
634,GU,633,558,0,NAT,NA,NA,,NA,NA,0,0.651415323427653,16,NA,3
635,GU,634,558,1,NAT,NA,NA,,NA,NA,0,0.5815,9,NA,3
636,GU,635,558,0,NAT,NA,NA,,NA,NA,7,0.4185,9,G3_20F,3
637,GU,636,558,1,NAT,NA,NA,,NA,NA,8,0.344085984025628,9,G3_20F,3
638,GU,637,558,1,NAT,NA,NA,,NA,NA,12,0.29,13,G3_20F,3
639,GU,635,558,0,NAT,NA,NA,,NA,NA,8,0.1705,7,G3_20F,3
640,GU,635,558,0,NAT,NA,NA,,NA,NA,7,0.1775,5,G3_20F,3
641,GU,634,558,0,NAT,NA,NA,,NA,NA,0,0.319551011340479,5,NA,3
642,GU,641,558,0,NAT,NA,NA,,NA,NA,9,0.262550504213732,5,G3_20F,3
643,GU,642,558,1,NAT,NA,NA,,NA,NA,7,0.195,6,G3_20F,3
644,GU,633,558,0,NAT,NA,NA,,NA,NA,0,1.4161540554875,17,NA,3
645,GU,644,558,0,NAT,NA,NA,,NA,NA,2,0.151,6,G3_20E,3
646,GU,644,558,0,NAT,NA,NA,,NA,NA,1,0.288434285062912,7,G3_20E,3
647,GU,646,558,0,NAT,NA,NA,,NA,NA,5,0.226516833978591,6,G3_20E,3
648,GU,647,558,1,NAT,NA,NA,,NA,NA,3,0.147,5,G3_20E,3
649,GU,644,558,0,NAT,NA,NA,,NA,NA,0,1.67099286040133,15,NA,3
650,GU,649,558,0,NAT,NA,NA,,NA,NA,5,1.76573328519495,4,G3_20E,3
651,GU,649,558,0,NAT,NA,NA,,NA,NA,6,0.355451706955931,5,G3_20E,3
652,GU,651,558,1,NAT,NA,NA,,NA,NA,1,0.3025,5,G3_20E,3
653,GU,644,558,0,NAT,NA,NA,,NA,NA,0,0.525816199174279,8,NA,3
654,GU,653,558,1,NAT,NA,NA,,NA,NA,4,0.481,7,G3_20E,3
655,GU,654,558,0,NAT,NA,NA,,NA,NA,11,0.2355,5,G3_20E,3
656,GU,633,558,0,NAT,NA,NA,,NA,NA,0,0.905182518769186,17,NA,3
657,GU,656,558,0,NAT,NA,NA,,NA,NA,0,0.512076262169189,2,NA,3
658,GU,657,558,1,NAT,NA,NA,,NA,NA,7,0.43162758041107,8,G3_20D,3
659,GU,658,558,1,NAT,NA,NA,,NA,NA,9,0.383870586456096,9,G3_20D,3
660,GU,659,558,1,NAT,NA,NA,,NA,NA,8,0.333283749282327,9,G3_20D,3
661,GU,660,558,1,NAT,NA,NA,,NA,NA,10,0.278,11,G3_20D,3
662,GU,657,558,0,NAT,NA,NA,,NA,NA,5,0.243556299870656,9,G3_20D,3
663,GU,662,558,1,NAT,NA,NA,,NA,NA,7,0.1705,5,G3_20D,3
664,GU,657,558,0,NAT,NA,NA,,NA,NA,4,0.1575,4,G3_20D,3
665,GU,656,558,0,NAT,NA,NA,,NA,NA,9,0.267363888515418,15,G3_20C,3
666,GU,665,558,1,NAT,NA,NA,,NA,NA,10,0.201,8,G3_20C,3
667,GU,656,558,0,NAT,NA,NA,,NA,NA,0,0.93,13,NA,3
668,GU,667,558,0,NAT,NA,NA,,NA,NA,0,0.6475,5,NA,3
669,GU,668,558,0,NAT,NA,NA,,NA,NA,1,0.512655009608872,5,G3_20B,3
670,GU,669,558,1,NAT,NA,NA,,NA,NA,8,0.467578328966948,9,G3_20B,3
671,GU,670,558,1,NAT,NA,NA,,NA,NA,12,0.421271708591599,10,G3_20B,3
672,GU,671,558,1,NAT,NA,NA,,NA,NA,15,0.373,18,G3_20B,3
673,GU,668,558,0,NAT,NA,NA,,NA,NA,5,0.445261764091933,9,G3_20B,3
674,GU,673,558,1,NAT,NA,NA,,NA,NA,9,0.398112448864746,10,G3_20B,3
675,GU,674,558,1,2020-09-12,1,1,20b,NA,NA,11,0.3485,11,G3_20B,3
676,GU,667,558,0,NAT,NA,NA,,NA,NA,9,0.5255,8,G3_20A,3
677,GU,676,558,1,NAT,NA,NA,,NA,NA,9,0.442559206493274,10,G3_20A,3
678,GU,677,558,1,NAT,NA,NA,,NA,NA,10,0.395295402157279,12,G3_20A,3
679,GU,678,558,1,2020-09-12,2,2,20.20a,NA,NA,12,0.3455,14,G3_20A,3
680,GU,667,558,0,NAT,NA,NA,,NA,NA,7,0.273,12,G3_20B,3
681,GU,680,558,1,NAT,NA,NA,,NA,NA,5,0.252719406729845,7,G3_20B,3
682,GU,681,558,1,NAT,NA,NA,,NA,NA,8,0.1825,9,G3_20B,3
683,GU,632,558,1,NAT,NA,NA,,NA,NA,0,1.02721448620129,10,NA,3
684,GU,683,558,1,NAT,NA,NA,,NA,NA,0,0.978120700265431,13,NA,3
685,GU,684,558,1,NAT,NA,NA,,NA,NA,0,0.877761005450918,13,NA,3
686,GU,685,558,0,NAT,NA,NA,,NA,NA,9,0.834,9,NA,3
687,GU,686,558,0,NAT,NA,NA,,NA,NA,7,0.158,9,G3_22C,3
688,GU,686,558,0,NAT,NA,NA,,NA,NA,1,0.5425,9,G3_22D,3
689,GU,688,558,1,NAT,NA,NA,,NA,NA,4,0.531396050878521,13,G3_22D,3
690,GU,689,558,0,NAT,NA,NA,,NA,NA,8,0.250017656116693,9,G3_22D,3
691,GU,690,558,1,NAT,NA,NA,,NA,NA,2,0.179,5,G3_22D,3
692,GU,689,558,0,NAT,NA,NA,,NA,NA,7,0.302062639427462,8,G3_22D,3
693,GU,692,558,1,NAT,NA,NA,,NA,NA,6,0.2425,5,G3_22D,3
694,GU,689,558,0,NAT,NA,NA,,NA,NA,8,0.387638204638472,9,G3_22D,3
695,GU,694,558,1,NAT,NA,NA,,NA,NA,7,0.337321421403807,6,G3_22D,3
696,GU,695,558,1,2020-09-12,1,1,22b,NA,NA,9,0.2825,12,G3_22D,3
697,GU,685,558,0,NAT,NA,NA,,NA,NA,0,0.393138495674639,8,NA,3
698,GU,697,558,0,NAT,NA,NA,,NA,NA,0,0.313992008809049,10,NA,3
699,GU,698,558,1,NAT,NA,NA,,NA,NA,2,0.256226643009045,12,G3_22D,3
700,GU,699,558,1,NAT,NA,NA,,NA,NA,5,0.187,5,G3_22D,3
701,GU,697,558,0,NAT,NA,NA,,NA,NA,4,0.149,5,G3_22D,3
702,GU,684,558,0,NAT,NA,NA,,NA,NA,0,0.378403833514581,7,NA,3
703,GU,702,558,1,NAT,NA,NA,,NA,NA,0,0.327408425375868,4,NA,3
704,GU,703,558,1,NAT,NA,NA,,NA,NA,3,0.271418607420502,7,G3_22C,3
705,GU,704,558,1,NAT,NA,NA,,NA,NA,5,0.206,3,G3_22C,3
706,GU,684,558,0,NAT,NA,NA,,NA,NA,0,0.716798182467883,12,NA,3
707,GU,706,558,0,NAT,NA,NA,,NA,NA,0,0.48348470831047,8,NA,3
708,GU,707,558,0,NAT,NA,NA,,NA,NA,0,0.300341170322493,10,NA,3
709,GU,708,558,1,2020-09-12,2,2,22.22a,NA,NA,7,0.2405,4,G3_22A,3
710,GU,707,558,0,NAT,NA,NA,,NA,NA,0,0.352662537538967,11,NA,3
711,GU,710,558,1,NAT,NA,NA,,NA,NA,2,0.29944358290473,7,G3_22A,3
712,GU,711,558,1,NAT,NA,NA,,NA,NA,9,0.239455131293703,5,G3_22A,3
713,GU,712,558,1,NAT,NA,NA,,NA,NA,3,0.165,5,G3_22A,3
714,GU,706,558,0,NAT,NA,NA,,NA,NA,0,0.558952979134437,9,NA,3
715,GU,714,558,0,NAT,NA,NA,,NA,NA,0,0.323392898798656,7,NA,3
716,GU,715,558,0,NAT,NA,NA,,NA,NA,1,0.1885,7,G3_22B,3
717,GU,715,558,0,NAT,NA,NA,,NA,NA,9,0.1615,10,G3_22B,3
718,GU,714,558,0,NAT,NA,NA,,NA,NA,0,0.450722155189475,8,NA,3
719,GU,718,558,1,NAT,NA,NA,,NA,NA,7,0.403795604816569,9,G3_22B,3
720,GU,719,558,1,NAT,NA,NA,,NA,NA,8,0.354538446971672,6,G3_22B,3
721,GU,720,558,1,NAT,NA,NA,,NA,NA,9,0.3015,10,G3_22B,3
722,scaffold,558,558,0,NAT,NA,NA,,NA,NA,0,5.09,42,NA,3
723,GU,722,558,1,NAT,NA,NA,,NA,NA,0,3.44411199309831,36,NA,3
724,GU,723,558,1,NAT,NA,NA,,NA,NA,0,3.1785,19,NA,3
725,branch_empty,723,558,0,NAT,NA,NA,,NA,NA,0,2.3,20,NA,3
726,branch_empty,723,558,0,NAT,NA,NA,,NA,NA,0,2.05,20,NA,3
727,GU,722,558,0,NAT,NA,NA,,NA,NA,0,3.2915,18,NA,3
728,GU,724,558,0,NAT,NA,NA,,NA,NA,0,2.8735,15,NA,3
729,GU,728,558,1,NAT,NA,NA,,NA,NA,0,2.42102520889842,16,NA,3
730,GU,729,558,1,NAT,NA,NA,,NA,NA,0,2.33104371900059,13,NA,3
731,GU,730,558,0,NAT,NA,NA,,NA,NA,0,1.733,11,NA,3
732,GU,730,558,0,NAT,NA,NA,,NA,NA,0,1.1855,4,NA,3
733,GU,730,558,0,NAT,NA,NA,,NA,NA,0,2.116,7,NA,3
734,GU,733,558,1,NAT,NA,NA,,NA,NA,0,1.75334740556254,6,NA,3
735,GU,734,558,1,NAT,NA,NA,,NA,NA,0,1.68448921267682,9,NA,3
736,GU,735,558,1,NAT,NA,NA,,NA,NA,0,1.89364623284659,5,NA,3
737,GU,736,558,1,NAT,NA,NA,,NA,NA,0,1.82047563973857,9,NA,3
738,GU,737,558,1,NAT,NA,NA,,NA,NA,0,1.74956527554268,10,NA,3
739,GU,738,558,1,NAT,NA,NA,,NA,NA,0,1.7445,6,NA,3
740,branch,738,558,0,NAT,NA,NA,,NA,NA,11,0.291,20,NA,3
741,branch,738,558,0,NAT,NA,NA,,NA,NA,14,0.3355,20,NA,3
742,branch,738,558,0,2020-09-12,2,2,27a.27b,NA,NA,220,1.301,20,NA,3
743,branch,735,558,0,2020-09-12,1,1,25b,NA,NA,42,0.5675,20,NA,3
744,branch,735,558,0,NAT,NA,NA,,NA,NA,85,0.808,20,NA,3
745,GU,724,558,0,NAT,NA,NA,,NA,NA,0,2.179,14,NA,3
746,GU,745,558,1,NAT,NA,NA,,NA,NA,0,1.84701560831683,21,NA,3
747,GU,746,558,1,NAT,NA,NA,,NA,NA,0,1.79482873907547,12,NA,3
748,GU,747,558,0,NAT,NA,NA,,NA,NA,0,0.7075,13,NA,3
749,GU,747,558,0,NAT,NA,NA,,NA,NA,0,1.9135,12,NA,3
750,branch,747,558,0,NAT,NA,NA,,NA,NA,135,1.019,20,NA,3
751,branch,746,558,0,NAT,NA,NA,,NA,NA,99,0.8695,20,NA,3
752,branch,728,558,0,NAT,NA,NA,,NA,NA,62,0.69,20,NA,3
753,GU,731,558,1,NAT,NA,NA,,NA,NA,0,2.07558035276667,10,NA,3
754,GU,753,558,1,NAT,NA,NA,,NA,NA,0,1.99670083133434,5,NA,3
755,GU,754,558,1,NAT,NA,NA,,NA,NA,0,1.92031068175627,5,NA,3
756,GU,755,558,1,NAT,NA,NA,,NA,NA,0,2.33609375865991,6,NA,3
757,GU,756,558,1,NAT,NA,NA,,NA,NA,0,2.24886759215075,15,NA,3
758,GU,757,558,1,NAT,NA,NA,,NA,NA,0,1.39832150066371,8,NA,3
759,GU,758,558,1,NAT,NA,NA,,NA,NA,0,1.4915,9,NA,3
760,GU,759,558,0,NAT,NA,NA,,NA,NA,0,0.39481799796136,11,NA,3
761,GU,760,558,1,NAT,NA,NA,,NA,NA,7,0.344991128955637,8,G3_24A,3
762,GU,761,558,1,2020-09-12,1,1,24,NA,NA,7,0.291,7,G3_24A,3
763,GU,758,558,0,NAT,NA,NA,,NA,NA,3,0.169,5,G3_24A,3
764,GU,757,558,0,NAT,NA,NA,,NA,NA,0,0.63917345345038,2,NA,3
765,GU,764,558,1,NAT,NA,NA,,NA,NA,0,0.59529571729822,4,NA,3
766,GU,765,558,1,NAT,NA,NA,,NA,NA,0,0.551290104054039,10,NA,3
767,GU,766,558,0,NAT,NA,NA,,NA,NA,0,0.362195842669578,12,NA,3
768,GU,767,558,1,NAT,NA,NA,,NA,NA,5,0.309862396074588,5,G3_24A,3
769,GU,768,558,0,2020-09-12,1,1,23a,NA,NA,6,0.2515,8,G3_24A,3
770,GU,766,558,0,NAT,NA,NA,,NA,NA,0,0.408011413540965,12,NA,3
771,GU,770,558,1,NAT,NA,NA,,NA,NA,9,0.359006338767827,8,G3_23A,3
772,GU,771,558,1,NAT,NA,NA,,NA,NA,8,0.306385313254217,6,G3_23A,3
773,GU,772,558,1,2020-09-12,1,1,23,NA,NA,7,0.2475,9,G3_23A,3
774,GU,757,558,0,NAT,NA,NA,,NA,NA,0,1.08795908749267,3,NA,3
775,GU,774,558,1,NAT,NA,NA,,NA,NA,0,1.0375,5,NA,3
776,GU,775,558,0,NAT,NA,NA,,NA,NA,0,0.635058218448822,9,NA,3
777,GU,776,558,0,NAT,NA,NA,,NA,NA,0,0.374070300715306,9,NA,3
778,GU,777,558,1,NAT,NA,NA,,NA,NA,3,0.322736307414824,3,G3_21A,3
779,GU,778,558,1,NAT,NA,NA,,NA,NA,11,0.266155090544376,4,G3_21A,3
780,GU,779,558,1,NAT,NA,NA,,NA,NA,6,0.1995,6,G3_21A,3
781,GU,776,558,0,NAT,NA,NA,,NA,NA,0,0.524793855274786,10,NA,3
782,GU,781,558,1,NAT,NA,NA,,NA,NA,4,0.479958824435416,3,G3_21A,3
783,GU,782,558,1,NAT,NA,NA,,NA,NA,4,0.434047744030981,5,G3_21A,3
784,GU,783,558,1,NAT,NA,NA,,NA,NA,8,0.386404222655608,5,G3_21A,3
785,GU,784,558,1,2020-09-12,1,1,21,NA,NA,9,0.336,12,G3_21A,3
786,GU,757,558,0,NAT,NA,NA,,NA,NA,0,0.466365702150449,4,NA,3
787,GU,786,558,1,NAT,NA,NA,,NA,NA,0,0.420017722355,8,NA,3
788,GU,787,558,0,NAT,NA,NA,,NA,NA,4,0.221705155562257,10,G3_21C,3
789,GU,788,558,1,NAT,NA,NA,,NA,NA,2,0.14,4,G3_21C,3
790,GU,787,558,0,NAT,NA,NA,,NA,NA,3,0.312282964185702,8,G3_21C,3
791,GU,790,558,1,NAT,NA,NA,,NA,NA,6,0.254273596015561,4,G3_21C,3
792,GU,791,558,1,NAT,NA,NA,,NA,NA,7,0.1845,7,G3_21C,3
793,GU,757,558,0,NAT,NA,NA,,NA,NA,0,2.11994043976802,5,NA,3
794,GU,793,558,1,NAT,NA,NA,,NA,NA,0,2.03965242502043,7,NA,3
795,GU,794,558,0,NAT,NA,NA,,NA,NA,4,2.54513027799147,7,G3_21D,3
796,GU,794,558,0,NAT,NA,NA,,NA,NA,7,0.344950245134408,9,G3_21D,3
797,GU,796,558,1,NAT,NA,NA,,NA,NA,5,0.290954849292265,3,G3_21D,3
798,GU,797,558,1,NAT,NA,NA,,NA,NA,6,0.2295,7,G3_21D,3
799,GU,794,558,0,NAT,NA,NA,,NA,NA,2,0.409515641646883,8,G3_21D,3
800,GU,799,558,1,NAT,NA,NA,,NA,NA,3,0.360598225297091,3,G3_21D,3
801,GU,800,558,1,NAT,NA,NA,,NA,NA,6,0.308121791281767,3,G3_21D,3
802,GU,801,558,1,NAT,NA,NA,,NA,NA,11,0.2495,9,G3_21D,3
803,GU,755,558,0,NAT,NA,NA,,NA,NA,0,0.528769288572973,4,NA,3
804,GU,803,558,0,NAT,NA,NA,,NA,NA,0,0.484006204104954,6,NA,3
805,GU,804,558,1,NAT,NA,NA,,NA,NA,0,0.438214311584499,9,NA,3
806,GU,805,558,0,NAT,NA,NA,,NA,NA,3,0.1765,7,G3_21E,3
807,GU,805,558,0,NAT,NA,NA,,NA,NA,6,0.1725,7,G3_21E,3
808,GU,805,558,0,NAT,NA,NA,,NA,NA,6,0.304275503258588,7,G3_21E,3
809,GU,808,558,1,NAT,NA,NA,,NA,NA,6,0.245063472141167,5,G3_21E,3
810,GU,809,558,1,NAT,NA,NA,,NA,NA,7,0.1725,6,G3_21E,3
811,GU,755,558,0,NAT,NA,NA,,NA,NA,0,0.490024002520641,3,NA,3
812,GU,811,558,0,NAT,NA,NA,,NA,NA,0,0.444400583317682,6,NA,3
813,GU,812,558,1,NAT,NA,NA,,NA,NA,0,0.397215095084352,6,NA,3
814,GU,813,558,0,2020-09-12,1,1,21a,NA,NA,5,0.1995,5,G3_21F,3
815,GU,813,558,0,NAT,NA,NA,,NA,NA,2,0.1165,4,G3_21F,3
816,GU,813,558,0,NAT,NA,NA,,NA,NA,8,0.2075,8,G3_21F,3
817,GU,731,558,0,NAT,NA,NA,,NA,NA,0,0.348804157766376,7,NA,3
818,GU,817,558,0,NAT,NA,NA,,NA,NA,0,0.295203809038238,6,NA,3
819,GU,818,558,0,NAT,NA,NA,,NA,NA,7,0.2345,7,G3_21G,3
820,GU,731,558,0,NAT,NA,NA,,NA,NA,0,0.638211643074483,2,NA,3
821,GU,820,558,1,NAT,NA,NA,,NA,NA,0,0.594333684680242,4,NA,3
822,GU,821,558,0,NAT,NA,NA,,NA,NA,0,0.417953994853542,8,NA,3
823,GU,822,558,1,NAT,NA,NA,,NA,NA,0,0.369506929422851,5,NA,3
824,GU,823,558,1,NAT,NA,NA,,NA,NA,0,0.317801647777978,6,NA,3
825,GU,824,558,0,NAT,NA,NA,,NA,NA,5,0.163,5,G3_21F,3
826,GU,824,558,0,NAT,NA,NA,,NA,NA,5,0.1755,4,G3_21F,3
827,GU,821,558,0,NAT,NA,NA,,NA,NA,0,0.425870643662178,12,NA,3
828,GU,827,558,1,NAT,NA,NA,,NA,NA,0,0.230742736907762,3,NA,3
829,GU,828,558,1,NAT,NA,NA,,NA,NA,4,0.153,3,G3_21G,3
830,GU,827,558,0,NAT,NA,NA,,NA,NA,4,0.144,5,G3_21G,3
831,GU,827,558,0,NAT,NA,NA,,NA,NA,0,0.248484371137673,3,NA,3
832,GU,831,558,1,NAT,NA,NA,,NA,NA,5,0.177,5,G3_21G,3
833,GU,732,558,1,NAT,NA,NA,,NA,NA,0,0.928872916539566,8,NA,3
834,GU,833,558,1,NAT,NA,NA,,NA,NA,0,0.965777446278691,15,NA,3
835,GU,834,558,1,NAT,NA,NA,,NA,NA,0,1.01475853391429,9,NA,3
836,GU,835,558,1,NAT,NA,NA,,NA,NA,0,1.0475,8,NA,3
837,GU,836,558,0,NAT,NA,NA,,NA,NA,0,0.31092564418458,7,NA,3
838,GU,837,558,0,NAT,NA,NA,,NA,NA,3,0.252719406729845,10,G3_25C,3
839,GU,838,558,1,NAT,NA,NA,,NA,NA,9,0.1825,7,G3_25C,3
840,GU,836,558,0,NAT,NA,NA,,NA,NA,0,0.644418741192567,3,NA,3
841,GU,840,558,1,NAT,NA,NA,,NA,NA,0,0.600540348102615,6,NA,3
842,GU,841,558,1,NAT,NA,NA,,NA,NA,0,0.55656354829873,9,NA,3
843,GU,842,558,1,NAT,NA,NA,,NA,NA,0,0.512212973014504,6,NA,3
844,GU,843,558,0,NAT,NA,NA,,NA,NA,1,0.231813225176401,9,G3_25C,3
845,GU,844,558,1,NAT,NA,NA,,NA,NA,2,0.1545,4,G3_25C,3
846,GU,843,558,0,NAT,NA,NA,,NA,NA,5,0.26876709586033,7,G3_25C,3
847,GU,846,558,1,NAT,NA,NA,,NA,NA,7,0.202735744265496,4,G3_25C,3
848,GU,847,558,1,NAT,NA,NA,,NA,NA,3,0.11,3,G3_25C,3
849,GU,843,558,0,NAT,NA,NA,,NA,NA,3,0.380379359158303,8,G3_25C,3
850,GU,849,558,1,NAT,NA,NA,,NA,NA,11,0.329533936051202,7,G3_25C,3
851,GU,850,558,1,NAT,NA,NA,,NA,NA,7,0.2105,10,G3_25C,3
852,GU,850,558,0,NAT,NA,NA,,NA,NA,4,0.1485,7,G3_25C,3
853,GU,836,558,0,NAT,NA,NA,,NA,NA,0,0.684567600504994,14,NA,3
854,GU,853,558,1,NAT,NA,NA,,NA,NA,5,0.634700690323064,17,G3_25A,3
855,GU,854,558,1,NAT,NA,NA,,NA,NA,17,0.527379231685199,18,G3_25A,3
856,GU,855,558,1,2020-09-12,2,2,25.25a,NA,NA,18,0.4015,19,G3_25A,3
857,GU,855,558,0,NAT,NA,NA,,NA,NA,9,0.208,13,G3_25A,3
858,GU,855,558,0,NAT,NA,NA,,NA,NA,12,0.2595,17,G3_25A,3
859,GU,855,558,0,NAT,NA,NA,,NA,NA,5,0.1585,11,G3_25A,3
860,GU,854,558,0,NAT,NA,NA,,NA,NA,8,0.369690080017959,13,G3_25A,3
861,GU,860,558,1,NAT,NA,NA,,NA,NA,15,0.318,13,G3_25A,3
862,GU,853,558,0,NAT,NA,NA,,NA,NA,8,0.299761406166132,13,G3_25B,3
863,GU,862,558,1,NAT,NA,NA,,NA,NA,7,0.239825267540109,5,G3_25B,3
864,GU,863,558,1,NAT,NA,NA,,NA,NA,5,0.1655,5,G3_25B,3
865,GU,835,558,0,NAT,NA,NA,,NA,NA,0,0.244685904162223,11,NA,3
866,GU,865,558,0,NAT,NA,NA,,NA,NA,9,0.172,10,G3_25D,3
867,GU,834,558,0,NAT,NA,NA,,NA,NA,0,0.483927221944058,8,NA,3
868,GU,867,558,0,NAT,NA,NA,,NA,NA,0,0.438133049417398,4,NA,3
869,GU,868,558,1,NAT,NA,NA,,NA,NA,0,0.390675479268524,10,NA,3
870,GU,869,558,1,NAT,NA,NA,,NA,NA,0,0.340569816840197,4,NA,3
871,GU,870,558,1,NAT,NA,NA,,NA,NA,8,0.286107501424449,6,G3_25E,3
872,GU,871,558,1,NAT,NA,NA,,NA,NA,9,0.223751187267654,5,G3_25E,3
873,GU,872,558,0,NAT,NA,NA,,NA,NA,5,0.143,5,G3_25E,3
874,GU,834,558,0,NAT,NA,NA,,NA,NA,0,0.35151000232646,8,NA,3
875,GU,874,558,1,NAT,NA,NA,,NA,NA,0,0.298178564663333,10,NA,3
876,GU,875,558,0,NAT,NA,NA,,NA,NA,4,0.237980106957882,5,G3_25F,3
877,GU,876,558,1,NAT,NA,NA,,NA,NA,5,0.163,2,G3_25F,3
878,GU,833,558,0,NAT,NA,NA,,NA,NA,6,0.1635,5,G3_25F,3
879,GU,748,558,1,NAT,NA,NA,,NA,NA,0,0.790496911470087,12,NA,3
880,GU,879,558,0,NAT,NA,NA,,NA,NA,0,0.74558941839441,5,NA,3
881,GU,880,558,1,NAT,NA,NA,,NA,NA,0,0.701174702366192,4,NA,3
882,GU,881,558,0,NAT,NA,NA,,NA,NA,0,0.657106523296978,4,NA,3
883,GU,882,558,1,NAT,NA,NA,,NA,NA,0,0.613213882315633,6,NA,3
884,GU,883,558,1,NAT,NA,NA,,NA,NA,0,0.569290853302029,10,NA,3
885,GU,884,558,1,NAT,NA,NA,,NA,NA,0,0.525080855077739,8,NA,3
886,GU,885,558,0,NAT,NA,NA,,NA,NA,0,0.291378388633894,3,NA,3
887,GU,886,558,1,NAT,NA,NA,,NA,NA,7,0.23,6,G3_26A,3
888,GU,885,558,0,NAT,NA,NA,,NA,NA,4,0.14,4,G3_26A,3
889,GU,885,558,0,NAT,NA,NA,,NA,NA,5,0.434047744030981,7,G3_26A,3
890,GU,889,558,1,NAT,NA,NA,,NA,NA,10,0.386404222655608,5,G3_26A,3
891,GU,890,558,1,2020-09-12,2,2,26.26a,NA,NA,14,0.336,11,G3_26A,3
892,GU,748,558,0,NAT,NA,NA,,NA,NA,7,0.1825,12,G3_26B,3
893,GU,739,558,1,NAT,NA,NA,,NA,NA,0,1.30529352121185,14,NA,3
894,GU,893,558,0,NAT,NA,NA,,NA,NA,0,0.806205534039946,10,NA,3
895,GU,894,558,0,NAT,NA,NA,,NA,NA,0,0.527777047938049,12,NA,3
896,GU,895,558,1,NAT,NA,NA,,NA,NA,0,0.482996327922681,7,NA,3
897,GU,896,558,1,NAT,NA,NA,,NA,NA,11,0.437175146341689,12,G3_27A,3
898,GU,897,558,1,NAT,NA,NA,,NA,NA,15,0.389674596368155,9,G3_27A,3
899,GU,898,558,1,2020-09-12,1,1,27,NA,NA,12,0.3395,16,G3_27A,3
900,GU,894,558,0,NAT,NA,NA,,NA,NA,0,0.654888892061917,14,NA,3
901,GU,900,558,1,NAT,NA,NA,,NA,NA,14,0.611,17,G3_27B,3
902,GU,901,558,0,NAT,NA,NA,,NA,NA,3,0.289263768519123,6,G3_27B,3
903,GU,902,558,1,NAT,NA,NA,,NA,NA,3,0.2275,7,G3_27B,3
904,GU,901,558,0,NAT,NA,NA,,NA,NA,8,0.284639280380774,9,G3_27B,3
905,GU,904,558,1,NAT,NA,NA,,NA,NA,3,0.222,5,G3_27B,3
906,GU,893,558,0,NAT,NA,NA,,NA,NA,0,1.12882146804536,11,NA,3
907,GU,906,558,1,NAT,NA,NA,,NA,NA,2,1.18018227074375,11,G3_28A,3
908,GU,907,558,1,NAT,NA,NA,,NA,NA,3,1.1275,12,G3_28A,3
909,GU,908,558,0,NAT,NA,NA,,NA,NA,2,0.474350908276457,5,G3_28A,3
910,GU,909,558,1,NAT,NA,NA,,NA,NA,0,0.428266577899858,7,NA,3
911,GU,910,558,1,NAT,NA,NA,,NA,NA,8,0.380347798214588,4,G3_28A,3
912,GU,911,558,1,2020-09-12,1,1,28,NA,NA,8,0.3295,9,G3_28A,3
913,GU,908,558,0,NAT,NA,NA,,NA,NA,6,0.17,12,G3_28B,3
914,GU,908,558,0,NAT,NA,NA,,NA,NA,6,0.2245,14,G3_28B,3
915,GU,908,558,0,NAT,NA,NA,,NA,NA,9,0.2475,14,G3_28B,3
916,GU,908,558,0,NAT,NA,NA,,NA,NA,2,0.227,4,G3_28B,3
917,GU,908,558,0,NAT,NA,NA,,NA,NA,4,0.260562459955161,5,G3_28B,3
918,GU,917,558,0,NAT,NA,NA,,NA,NA,5,0.1925,9,G3_28B,3
919,GU,906,558,0,NAT,NA,NA,,NA,NA,1,0.232,7,G3_28B,3
920,GU,893,558,0,NAT,NA,NA,,NA,NA,0,0.864788692735593,7,NA,3
921,GU,920,558,1,NAT,NA,NA,,NA,NA,0,0.860905436446275,5,NA,3
922,GU,921,558,1,NAT,NA,NA,,NA,NA,0,0.814992959425189,15,NA,3
923,GU,922,558,1,NAT,NA,NA,,NA,NA,0,0.7535,10,NA,3
924,GU,923,558,0,NAT,NA,NA,,NA,NA,5,0.400361881188038,6,G3_36C,3
925,GU,924,558,1,NAT,NA,NA,,NA,NA,12,0.350892231857425,10,G3_36C,3
926,GU,925,558,1,NAT,NA,NA,,NA,NA,8,0.2975,12,G3_36C,3
927,GU,922,558,0,NAT,NA,NA,,NA,NA,2,0.182,7,G3_36B,3
928,GU,922,558,0,NAT,NA,NA,,NA,NA,1,0.476730378925324,9,G3_36B,3
929,GU,928,558,1,NAT,NA,NA,,NA,NA,3,0.430720729721008,6,G3_36A,3
930,GU,929,558,0,2020-09-12,2,2,36.36a,NA,NA,9,0.316,12,G3_36A,3
931,GU,929,558,0,NAT,NA,NA,,NA,NA,6,0.24,11,G3_36A,3
932,GU,922,558,0,NAT,NA,NA,,NA,NA,0,0.241684102877464,5,NA,3
933,GU,932,558,1,NAT,NA,NA,,NA,NA,4,0.168,5,G3_36B,3
934,GU,922,558,0,NAT,NA,NA,,NA,NA,2,0.231455786339605,9,G3_36B,3
935,GU,934,558,1,NAT,NA,NA,,NA,NA,1,0.154,2,G3_36B,3
936,GU,920,558,0,NAT,NA,NA,,NA,NA,1,0.2866849379511,12,G3_27B,3
937,GU,936,558,1,NAT,NA,NA,,NA,NA,4,0.224438619257214,5,G3_27B,3
938,GU,937,558,1,NAT,NA,NA,,NA,NA,4,0.144,3,G3_27B,3
939,GU,739,558,0,NAT,NA,NA,,NA,NA,0,0.378734267211725,9,NA,3
940,GU,939,558,1,NAT,NA,NA,,NA,NA,0,0.327764133607382,15,NA,3
941,GU,940,558,0,NAT,NA,NA,,NA,NA,7,0.196,6,G3_27C,3
942,GU,940,558,0,NAT,NA,NA,,NA,NA,5,0.163,4,G3_27C,3
943,GU,749,558,1,NAT,NA,NA,,NA,NA,0,1.51437174919198,10,NA,3
944,GU,943,558,1,NAT,NA,NA,,NA,NA,0,1.45261086485635,8,NA,3
945,GU,944,558,1,NAT,NA,NA,,NA,NA,0,1.39261773418044,8,NA,3
946,GU,945,558,1,NAT,NA,NA,,NA,NA,0,1.2955,9,NA,3
947,GU,946,558,0,NAT,NA,NA,,NA,NA,0,0.493588030372598,10,NA,3
948,GU,947,558,1,NAT,NA,NA,,NA,NA,0,0.448059615666502,6,NA,3
949,GU,948,558,0,NAT,NA,NA,,NA,NA,1,0.171,4,G3_32D,3
950,GU,948,558,0,NAT,NA,NA,,NA,NA,2,0.334010307214352,7,G3_32D,3
951,GU,948,558,0,NAT,NA,NA,,NA,NA,2,0.165,7,G3_32D,3
952,GU,950,558,1,NAT,NA,NA,,NA,NA,3,0.278811091427304,6,G3_32D,3
953,GU,952,558,1,NAT,NA,NA,,NA,NA,11,0.215,10,G3_32D,3
954,GU,946,558,0,NAT,NA,NA,,NA,NA,2,0.228,11,G3_32D,3
955,GU,946,558,0,NAT,NA,NA,,NA,NA,0,0.748160622239325,13,NA,3
956,GU,955,558,1,NAT,NA,NA,,NA,NA,0,0.690653275626933,10,NA,3
957,GU,956,558,0,NAT,NA,NA,,NA,NA,0,0.323092749388532,8,NA,3
958,GU,957,558,1,NAT,NA,NA,,NA,NA,3,0.266557625445015,7,G3_32G,3
959,GU,958,558,1,NAT,NA,NA,,NA,NA,10,0.2,8,G3_32G,3
960,GU,956,558,0,NAT,NA,NA,,NA,NA,0,0.429120772858246,10,NA,3
961,GU,960,558,1,NAT,NA,NA,,NA,NA,6,0.381243580027416,8,G3_32G,3
962,GU,961,558,0,NAT,NA,NA,,NA,NA,1,0.127,4,G3_32G,3
963,GU,961,558,0,NAT,NA,NA,,NA,NA,9,0.196,10,G3_32G,3
964,GU,961,558,0,NAT,NA,NA,,NA,NA,3,0.1455,7,G3_32G,3
965,GU,956,558,0,NAT,NA,NA,,NA,NA,0,0.582851035718709,8,NA,3
966,GU,965,558,1,NAT,NA,NA,,NA,NA,1,0.53876081064508,8,G3_32F,3
967,GU,966,558,1,NAT,NA,NA,,NA,NA,18,0.380812868168717,20,G3_32F,3
968,GU,967,558,1,NAT,NA,NA,,NA,NA,14,0.33,15,G3_32F,3
969,GU,966,558,0,NAT,NA,NA,,NA,NA,10,0.226,15,G3_32F,3
970,GU,966,558,0,NAT,NA,NA,,NA,NA,7,0.171,11,G3_32F,3
971,GU,966,558,0,2020-09-12,1,1,32b,NA,NA,11,0.303,12,G3_32F,3
972,GU,955,558,0,NAT,NA,NA,,NA,NA,0,0.351552359452731,8,NA,3
973,GU,972,558,1,NAT,NA,NA,,NA,NA,3,0.252332022667922,6,G3_32E,3
974,GU,973,558,1,NAT,NA,NA,,NA,NA,5,0.182,6,G3_32E,3
975,GU,972,558,0,NAT,NA,NA,,NA,NA,1,0.143,5,G3_32E,3
976,GU,946,558,0,NAT,NA,NA,,NA,NA,0,1.04744436644314,13,NA,3
977,GU,976,558,1,NAT,NA,NA,,NA,NA,0,0.946063551618933,16,NA,3
978,GU,977,558,1,NAT,NA,NA,,NA,NA,0,0.907553128519373,4,NA,3
979,GU,978,558,0,NAT,NA,NA,,NA,NA,0,0.364107869931448,5,NA,3
980,GU,979,558,1,NAT,NA,NA,,NA,NA,4,0.311942802466655,6,G3_29B,3
981,GU,980,558,1,NAT,NA,NA,,NA,NA,8,0.253884355008505,4,G3_29B,3
982,GU,981,558,1,NAT,NA,NA,,NA,NA,6,0.184,8,G3_29B,3
983,GU,978,558,0,NAT,NA,NA,,NA,NA,0,0.734312393197122,9,NA,3
984,GU,983,558,1,NAT,NA,NA,,NA,NA,9,0.69,11,G3_29D,3
985,GU,984,558,0,NAT,NA,NA,,NA,NA,7,0.1515,10,G3_29D,3
986,GU,984,558,0,NAT,NA,NA,,NA,NA,7,0.1845,10,G3_29D,3
987,GU,984,558,0,NAT,NA,NA,,NA,NA,7,0.1725,12,G3_29D,3
988,GU,984,558,0,NAT,NA,NA,,NA,NA,9,0.21,1,G3_29D,3
989,GU,984,558,0,NAT,NA,NA,,NA,NA,8,0.205,15,G3_29D,3
990,GU,984,558,0,NAT,NA,NA,,NA,NA,4,0.188,6,G3_29D,3
991,GU,978,558,0,NAT,NA,NA,,NA,NA,0,0.730736304027543,8,NA,3
992,GU,991,558,1,NAT,NA,NA,,NA,NA,2,0.686454408049295,7,G3_31A,3
993,GU,992,558,0,NAT,NA,NA,,NA,NA,13,0.452843030788909,22,G3_31A,3
994,GU,993,558,1,2020-09-12,1,1,31,NA,NA,14,0.406,19,G3_31A,3
995,GU,992,558,0,2020-09-12,1,1,31a,NA,NA,7,0.3385,16,G3_31A,3
996,GU,992,558,0,NAT,NA,NA,,NA,NA,9,0.2875,17,G3_31A,3
997,GU,992,558,0,NAT,NA,NA,,NA,NA,10,0.397172950460986,17,G3_31A,3
998,GU,997,558,1,NAT,NA,NA,,NA,NA,12,0.3475,18,G3_31A,3
999,GU,992,558,0,NAT,NA,NA,,NA,NA,8,0.242,18,G3_31A,3
1000,GU,977,558,0,NAT,NA,NA,,NA,NA,0,0.297236445551879,9,NA,3
1001,GU,1000,558,1,NAT,NA,NA,,NA,NA,2,0.236879707524905,6,G3_29C,3
1002,GU,1001,558,1,NAT,NA,NA,,NA,NA,3,0.1615,5,G3_29C,3
1003,GU,977,558,0,NAT,NA,NA,,NA,NA,0,0.642406985403971,7,NA,3
1004,GU,1003,558,1,NAT,NA,NA,,NA,NA,6,0.59852921507077,9,G3_29B,3
1005,GU,1004,558,1,NAT,NA,NA,,NA,NA,11,0.554541832470502,13,G3_29B,3
1006,GU,1005,558,1,NAT,NA,NA,,NA,NA,14,0.510166276172039,20,G3_29A,3
1007,GU,1006,558,0,2020-09-12,2,2,29.29a,NA,NA,6,0.3155,12,G3_29A,3
1008,GU,1006,558,0,NAT,NA,NA,,NA,NA,16,0.365,17,G3_29A,3
1009,GU,1006,558,0,NAT,NA,NA,,NA,NA,1,0.1855,11,G3_29A,3
1010,GU,976,558,0,NAT,NA,NA,,NA,NA,0,0.584729167047643,8,NA,3
1011,GU,1010,558,0,NAT,NA,NA,,NA,NA,1,0.367900463255271,10,G3_29E,3
1012,GU,1011,558,1,NAT,NA,NA,,NA,NA,0,0.316060746002479,3,NA,3
1013,GU,1012,558,1,NAT,NA,NA,,NA,NA,9,0.258585078461393,5,G3_29E,3
1014,GU,1013,558,1,NAT,NA,NA,,NA,NA,6,0.19,7,G3_29E,3
1015,GU,1010,558,0,NAT,NA,NA,,NA,NA,0,0.455292170510907,9,NA,3
1016,GU,1015,558,1,NAT,NA,NA,,NA,NA,6,0.408543548060261,5,G3_29E,3
1017,GU,1016,558,1,NAT,NA,NA,,NA,NA,14,0.359569618799593,9,G3_29E,3
1018,GU,1017,558,1,NAT,NA,NA,,NA,NA,11,0.307,13,G3_29E,3
1019,GU,945,558,0,NAT,NA,NA,,NA,NA,0,0.525906101966246,2,NA,3
1020,GU,1019,558,1,NAT,NA,NA,,NA,NA,0,0.481091547828331,10,NA,3
1021,GU,1020,558,1,NAT,NA,NA,,NA,NA,0,0.435214310482402,10,NA,3
1022,GU,1021,558,0,NAT,NA,NA,,NA,NA,5,0.186,5,G3_30B,3
1023,GU,1021,558,0,NAT,NA,NA,,NA,NA,0,0.236514039469298,7,NA,3
1024,GU,1023,558,1,NAT,NA,NA,,NA,NA,4,0.161,6,G3_30B,3
1025,GU,1021,558,0,NAT,NA,NA,,NA,NA,4,0.242057483232981,8,G3_30B,3
1026,GU,1025,558,0,NAT,NA,NA,,NA,NA,4,0.1685,6,G3_30B,3
1027,GU,945,558,0,NAT,NA,NA,,NA,NA,0,1.05340509531763,4,NA,3
1028,GU,1027,558,1,NAT,NA,NA,,NA,NA,0,1.00373348305558,17,NA,3
1029,GU,1028,558,0,NAT,NA,NA,,NA,NA,0,0.62051526357669,12,NA,3
1030,GU,1029,558,1,NAT,NA,NA,,NA,NA,0,0.560280273429532,10,NA,3
1031,GU,1030,558,1,NAT,NA,NA,,NA,NA,4,0.51597369393614,7,G3_30A,3
1032,GU,1031,558,0,2020-09-12,1,1,30,NA,NA,7,0.283,12,G3_30A,3
1033,GU,1031,558,0,2020-09-12,1,1,30a,NA,NA,2,0.2615,7,G3_30A,3
1034,GU,1031,558,0,NAT,NA,NA,,NA,NA,10,0.35865337513271,6,G3_30A,3
1035,GU,1034,558,1,NAT,NA,NA,,NA,NA,11,0.306,15,G3_30A,3
1036,GU,1029,558,0,NAT,NA,NA,,NA,NA,0,0.237980106957882,12,NA,3
1037,GU,1036,558,1,NAT,NA,NA,,NA,NA,1,0.163,4,G3_30A,3
1038,GU,1029,558,0,NAT,NA,NA,,NA,NA,1,0.323251528587875,12,G3_30A,3
1039,GU,1038,558,0,NAT,NA,NA,,NA,NA,1,0.1545,5,G3_30A,3
1040,GU,1038,558,0,NAT,NA,NA,,NA,NA,6,0.194,7,G3_30A,3
1041,GU,1028,558,0,NAT,NA,NA,,NA,NA,0,0.42197582685257,7,NA,3
1042,GU,1041,558,0,NAT,NA,NA,,NA,NA,0,0.373740663717369,4,NA,3
1043,GU,1042,558,1,NAT,NA,NA,,NA,NA,1,0.322380365037647,9,G3_32C,3
1044,GU,1043,558,1,NAT,NA,NA,,NA,NA,2,0.265752955810626,7,G3_32C,3
1045,GU,1044,558,1,NAT,NA,NA,,NA,NA,5,0.199,5,G3_32C,3
1046,GU,1028,558,0,NAT,NA,NA,,NA,NA,0,0.97412399675266,9,NA,3
1047,GU,1046,558,0,NAT,NA,NA,,NA,NA,1,0.739357025572142,9,G3_32B,3
1048,GU,1047,558,1,NAT,NA,NA,,NA,NA,3,0.695,9,G3_32B,3
1049,GU,1046,558,0,NAT,NA,NA,,NA,NA,0,0.717481217494975,10,NA,3
1050,GU,1049,558,1,NAT,NA,NA,,NA,NA,4,0.673303829793371,10,G3_32B,3
1051,GU,1050,558,1,NAT,NA,NA,,NA,NA,14,0.395764607096295,20,G3_32A,3
1052,GU,1051,558,1,NAT,NA,NA,,NA,NA,9,0.346,15,G3_32A,3
1053,GU,1050,558,0,2020-09-12,2,2,32.32a,NA,NA,11,0.3805,15,G3_32A,3
1054,GU,1050,558,0,NAT,NA,NA,,NA,NA,5,0.2115,14,G3_32A,3
1055,GU,1050,558,0,NAT,NA,NA,,NA,NA,4,0.1515,7,G3_32A,3
1056,GU,1050,558,0,NAT,NA,NA,,NA,NA,4,0.2335,11,G3_32A,3
1057,GU,1050,558,0,NAT,NA,NA,,NA,NA,13,0.3375,15,G3_32A,3
1058,GU,1050,558,0,NAT,NA,NA,,NA,NA,14,0.2265,12,G3_32A,3
1059,GU,727,558,1,NAT,NA,NA,,NA,NA,0,2.95,22,NA,3
1060,GU,1059,558,1,NAT,NA,NA,,NA,NA,0,2.65,5,NA,3
1061,GU,1060,558,0,NAT,NA,NA,,NA,NA,0,2.327,20,NA,3
1062,branch_empty,1060,558,0,NAT,NA,NA,,NA,NA,0,0.95,20,NA,3
1063,branch_empty,1060,558,0,NAT,NA,NA,,NA,NA,0,1.85,20,NA,3
1064,GU,727,558,0,NAT,NA,NA,,NA,NA,0,1.779,11,NA,3
1065,GU,1061,558,0,NAT,NA,NA,,NA,NA,0,2.2995,18,NA,3
1066,GU,1065,558,0,NAT,NA,NA,,NA,NA,0,2.06814398647064,12,NA,3
1067,GU,1066,558,1,NAT,NA,NA,,NA,NA,0,1.9895,8,NA,3
1068,branch,1065,558,0,NAT,NA,NA,,NA,NA,287,1.485,20,NA,3
1069,branch,1061,558,0,NAT,NA,NA,,NA,NA,11,0.297,20,NA,3
1070,GU,1067,558,1,NAT,NA,NA,,NA,NA,0,1.52475770791268,9,NA,3
1071,branch,1070,558,0,NAT,NA,NA,,NA,NA,18,0.37,20,NA,3
1072,branch,1070,558,0,2020-09-12,1,1,35b,NA,NA,253,1.393,20,NA,3
1073,branch,1070,558,0,2020-09-12,2,2,35c.35d,NA,NA,212,1.2765,20,NA,3
1074,GU,1067,558,0,NAT,NA,NA,,NA,NA,0,0.9135,16,NA,3
1075,GU,1074,558,1,NAT,NA,NA,,NA,NA,0,0.681223103029801,7,NA,3
1076,GU,1075,558,1,NAT,NA,NA,,NA,NA,3,0.637257251232036,15,G3_35B,3
1077,GU,1076,558,1,NAT,NA,NA,,NA,NA,6,0.593378966062577,14,G3_35B,3
1078,GU,1077,558,1,NAT,NA,NA,,NA,NA,12,0.570815482909626,11,G3_35B,3
1079,GU,1078,558,0,2020-09-12,1,1,35,NA,NA,5,0.23,10,G3_35B,3
1080,GU,1078,558,0,2020-09-12,1,1,35a,NA,NA,4,0.232,6,G3_35B,3
1081,GU,1078,558,0,NAT,NA,NA,,NA,NA,6,0.239,8,G3_35B,3
1082,GU,1078,558,0,NAT,NA,NA,,NA,NA,7,0.461035575432834,13,G3_35B,3
1083,GU,1082,558,0,NAT,NA,NA,,NA,NA,18,0.4145,20,G3_35A,3
1084,GU,1077,558,0,NAT,NA,NA,,NA,NA,7,0.241311256964703,9,G3_35B,3
1085,GU,1084,558,1,NAT,NA,NA,,NA,NA,4,0.1675,6,G3_35B,3
1086,GU,1077,558,0,NAT,NA,NA,,NA,NA,7,0.19,10,G3_35B,3
1087,GU,1064,558,1,NAT,NA,NA,,NA,NA,0,1.25383472958056,7,NA,3
1088,GU,1087,558,1,NAT,NA,NA,,NA,NA,0,1.19927074371615,6,NA,3
1089,GU,1088,558,1,NAT,NA,NA,,NA,NA,0,1.14610898678211,9,NA,3
1090,GU,1089,558,1,NAT,NA,NA,,NA,NA,0,1.09426698403698,9,NA,3
1091,GU,1090,558,1,NAT,NA,NA,,NA,NA,0,1.04366124891853,10,NA,3
1092,GU,1091,558,1,NAT,NA,NA,,NA,NA,0,0.658677944473149,7,NA,3
1093,GU,1092,558,0,NAT,NA,NA,,NA,NA,0,0.614782331716526,5,NA,3
1094,GU,1093,558,1,NAT,NA,NA,,NA,NA,0,0.570864451002366,5,NA,3
1095,GU,1094,558,1,NAT,NA,NA,,NA,NA,0,0.52487058935519,19,NA,3
1096,GU,1095,558,1,NAT,NA,NA,,NA,NA,4,0.480036979950231,4,G3_34A,3
1097,GU,1096,558,0,NAT,NA,NA,,NA,NA,9,0.335524900296066,10,G3_34A,3
1098,GU,1097,558,1,NAT,NA,NA,,NA,NA,11,0.2805,7,G3_34A,3
1099,GU,1096,558,0,NAT,NA,NA,,NA,NA,6,0.167,7,G3_34A,3
1100,GU,1096,558,0,NAT,NA,NA,,NA,NA,16,0.2775,14,G3_34A,3
1101,GU,1094,558,0,NAT,NA,NA,,NA,NA,2,0.2195,12,G3_34A,3
1102,GU,1091,558,0,NAT,NA,NA,,NA,NA,0,0.497050112276968,13,NA,3
1103,GU,1102,558,1,NAT,NA,NA,,NA,NA,0,0.451610685256586,8,NA,3
1104,GU,1103,558,1,NAT,NA,NA,,NA,NA,0,0.404719326272845,5,NA,3
1105,GU,1104,558,0,NAT,NA,NA,,NA,NA,6,0.1715,7,G3_34B,3
1106,GU,1104,558,0,NAT,NA,NA,,NA,NA,5,0.21,7,G3_34B,3
1107,GU,1104,558,0,NAT,NA,NA,,NA,NA,5,0.1815,6,G3_34B,3
1108,GU,1091,558,0,NAT,NA,NA,,NA,NA,0,0.585659689405633,12,NA,3
1109,GU,1108,558,1,NAT,NA,NA,,NA,NA,6,0.541590612528713,18,G3_34D,3
1110,GU,1109,558,1,NAT,NA,NA,,NA,NA,0,0.497036816769994,8,NA,3
1111,GU,1110,558,1,NAT,NA,NA,,NA,NA,11,0.451597054128488,12,G3_34C,3
1112,GU,1111,558,0,NAT,NA,NA,,NA,NA,9,0.197,9,G3_34C,3
1113,GU,1111,558,0,NAT,NA,NA,,NA,NA,11,0.374777800010999,12,G3_34C,3
1114,GU,1113,558,1,NAT,NA,NA,,NA,NA,10,0.3235,11,G3_34C,3
1115,GU,1091,558,0,NAT,NA,NA,,NA,NA,0,0.790125704786781,5,NA,3
1116,GU,1115,558,1,NAT,NA,NA,,NA,NA,0,0.765009538930255,9,NA,3
1117,GU,1116,558,1,NAT,NA,NA,,NA,NA,0,0.588693062970143,11,NA,3
1118,GU,1117,558,1,NAT,NA,NA,,NA,NA,NA,0.544645466309632,8,NA,3
1119,GU,1118,558,1,NAT,NA,NA,,NA,NA,0,0.500136620054372,4,NA,3
1120,GU,1119,558,1,NAT,NA,NA,,NA,NA,1,0.454773848204347,4,G3_34F,3
1121,GU,1120,558,1,NAT,NA,NA,,NA,NA,10,0.408005426064513,5,G3_34F,3
1122,GU,1121,558,1,2020-09-12,1,1,34.34a,NA,NA,10,0.359,9,G3_34F,3
1123,GU,1116,558,0,NAT,NA,NA,,NA,NA,0,0.433748571580619,8,NA,3
1124,GU,1123,558,1,NAT,NA,NA,,NA,NA,0,0.386091158249733,15,NA,3
1125,GU,1124,558,0,NAT,NA,NA,,NA,NA,2,0.145,5,G3_34F,3
1126,GU,1124,558,0,NAT,NA,NA,,NA,NA,6,0.141,7,G3_34F,3
1127,GU,1124,558,0,NAT,NA,NA,,NA,NA,9,0.2025,8,G3_34F,3
1128,GU,1116,558,0,NAT,NA,NA,,NA,NA,0,0.523329861796947,10,NA,3
1129,GU,1128,558,1,NAT,NA,NA,,NA,NA,0,0.478467462145321,13,NA,3
1130,GU,1129,558,1,NAT,NA,NA,,NA,NA,0,0.432511239203655,2,NA,3
1131,GU,1130,558,0,NAT,NA,NA,,NA,NA,0,0.209045370306746,4,NA,3
1132,GU,1131,558,1,NAT,NA,NA,,NA,NA,2,0.1205,3,G3_34E,3
1133,GU,1130,558,0,NAT,NA,NA,,NA,NA,0,0.339979816323554,7,NA,3
1134,GU,1133,558,0,NAT,NA,NA,,NA,NA,5,0.162,6,G3_34E,3
1135,GU,1133,558,0,NAT,NA,NA,,NA,NA,8,0.22,6,G3_34E,3
1136,GU,1115,558,0,NAT,NA,NA,,NA,NA,0,0.302973605551619,8,NA,3
1137,GU,1136,558,1,NAT,NA,NA,,NA,NA,2,0.243556299870656,13,G3_34D,3
1138,GU,1137,558,1,NAT,NA,NA,,NA,NA,6,0.1705,4,G3_34D,3
1139,scaffold,558,558,0,NAT,NA,NA,,NA,NA,0,2.705,20,NA,3
